Link,ID,name,tag,description,date,developer,price,Recent_Description,Recent_Count,Recent_Percentage,Overall_Description,Overall_Count,Overall_Percentage
https://store.steampowered.com/app/730/,730,Counter-Strike 2,"第一人称射击
射击
多人
竞技
动作
团队导向
电竞
战术
第一人称
玩家对战
在线合作
合作
策略
军事
战争
困难
贸易
拟真
快节奏
可模组化",二十多年来，在全球数百万玩家的共同铸就下，Counter-Strike 提供了精湛绝伦的竞技体验。而如今，CS 传奇的下一章即将揭开序幕，那就是 Counter-Strike 2。,2017 年 9 月 15 日,Valve,103.0,多半好评,66217,77.0,特别好评,7986682,87.0
https://store.steampowered.com/app/578080/,578080,PUBG: BATTLEGROUNDS,"生存
射击
大逃杀
多人
第一人称射击
玩家对战
第三人称射击
动作
在线合作
战术
合作
第一人称
策略
抢先体验
竞技
第三人称
团队导向
困难
模拟
潜行",免费游玩《PUBG绝地求生》。 选取最佳战略位置着陆，搜寻武器和补给，并成为最后的幸存者小队，屹立于千变万化的战场之上。 组队加入战场，体验原汁原味的战术竞技，尽在《PUBG绝地求生》。,2017 年 12 月 21 日,"KRAFTON, Inc.",0,褒贬不一,21270,69.0,褒贬不一,2336345,58.0
https://store.steampowered.com/app/703080/,703080,动物园之星,"管理
模拟
建造
沙盒
自然
城市营造
经济
拟真
单人
阖家
可爱
资源管理
策略
好评原声音轨
多人
放松
开放世界
休闲
欢乐
马匹",在《动物园之星》中打造一个野生动物世界。由《过山车之星》(Planet Coaster) 和《动物园大亨》(Zoo Tycoon) 的开发者团队制作，将为你带来极致的动物园模拟游戏体验。建造精细的动物栖息地、管理动物园，并见识栩栩如生、能够思考且富有感情的动物探索你打造的世界。,2019 年 11 月 5 日,Frontier Developments,41.0,特别好评,670,91.0,特别好评,64957,90.0
https://store.steampowered.com/app/359550/,359550,Tom Clancy's Rainbow Six® Siege,"第一人称射击
玩家对战
电竞
多人
战术
射击
竞技
在线合作
动作
英雄射击
团队导向
军事
策略
战争
第一人称
拟真
合作
破坏
困难
3D",《彩虹六号®：围攻》是一款精英团队战术射击游戏，高超的策略和行动力是制胜关键。,2015 年 12 月 1 日,Ubisoft Montreal,130.0,多半好评,23252,78.0,特别好评,1072504,85.0
https://store.steampowered.com/app/2399830/,2399830,方舟: 生存飞升,"抢先体验
生存
开放世界
恐龙
冒险
多人
建造
动作
制作
基地建设
沙盒
角色自定义
玩家对战
玩家对战环境
单人
大型多人在线
库存管理
角色扮演
科幻
奇幻","《方舟》采用虚幻引擎 5 重新设计，并融入了下一代电子游戏技术！组建一个部落, 驯养和繁殖数百种恐龙和其他原始生物，探索、制作、建造，并一路进发至食物链的顶端. 快来加入这场新的冒险吧!",2023 年 10 月 25 日,Studio Wildcard,378.0,褒贬不一,2956,58.0,褒贬不一,44411,58.0
https://store.steampowered.com/app/1623730/,1623730,Palworld / 幻兽帕鲁,"多人
开放世界
生存
生物收集
开放世界生存制作
制作
合作
冒险
沙盒
第三人称射击
自动化
动作
抢先体验
角色扮演
动漫
玩家对战环境
3D
独立
刷宝射击游戏
砍杀",在广阔的世界中收集神奇的生物“帕鲁”，派他们进行战斗、建造、做农活，工业生产等，这是一款支持多人游戏模式的全新开放世界生存制作游戏。,2024 年 1 月 18 日,Pocketpair,26.0,特别好评,11695,90.0,特别好评,251078,93.0
https://store.steampowered.com/app/1244460/,1244460,侏罗纪世界：进化 2,"恐龙
建造
模拟
管理
沙盒
策略
单人
城市营造
经济
科幻
资源管理
开放世界
暴力
氛围
续作
动作
生存
多人
基地建设
休闲",《侏罗纪世界：进化 2》是 Frontier 成就非凡的游戏《侏罗纪世界：进化》的续作，备受玩家期待。作为《侏罗纪世界：进化》游戏系列的全新的冒险纪元，本作以 2018 年极富开创性且充满沉浸感的管理模拟架构为基础进行开发。,2021 年 11 月 9 日,Frontier Developments,37.0,特别好评,635,91.0,特别好评,21272,88.0
https://store.steampowered.com/app/2835570/,2835570,恶魔轮盘,"黑暗
3D
恐怖
第一人称
心理
试验性
单人
解谜
独立
动作
类 Rogue
策略
模拟
赌博
超现实
轻度 Rogue
多人
心理恐怖
鲜血
第一人称射击",用 12 号口径霰弹枪玩俄罗斯轮盘。两人进入。一人离开。用你的性命搏一把运气。祝你好运。,2024 年 4 月 4 日,Mike Klubnika,86.0,好评如潮,4113,96.0,好评如潮,4113,96.0
https://store.steampowered.com/app/236390/,236390,War Thunder,"免费开玩
车辆作战
战斗
二战
虚拟现实
飞行
战争
军事
坦克
海战
模拟
现代
大型多人在线
冷战
动作
拟真
射击
多人
第三人称射击
第三人称",War Thunder上最全面的免费、跨平台大型多人在线军事类游戏，专注于二战和冷战时期的航空、装甲车辆和海军舰艇。现在就加入进来参与在地面、天空和海洋进行的主要战事，并和来自全球各地的几百万玩家们在不断变化的环境中战斗。,2013 年 8 月 15 日,Gaijin Entertainment,0,多半好评,10691,77.0,多半好评,476302,75.0
https://store.steampowered.com/app/2670630/,2670630,Supermarket Simulator,"模拟
经济
管理
沉浸式模拟
单人
贸易
生活模拟
建造
第一人称
资本主义
多人
沙盒
3D
休闲
资源管理
拟真
独立
驾驶
库存管理
抢先体验",经营自己的超市。摆放货架、按自己的喜好设定价格、接受付款、雇佣员工、扩建和设计店铺。即将推出在线订单和送货、商店盗窃、安全、本地市场等功能。,2024 年 2 月 20 日,Nokta Games,52.0,特别好评,15005,94.0,特别好评,21436,94.0
https://store.steampowered.com/app/1203220/,1203220,永劫无间,"大逃杀
多人
武术
玩家对战
动作
女性主角
格斗
大型多人在线
第三人称
生存
角色自定义
砍杀
剑术
动漫
跑酷
冒险
成人
免费开玩
暴力
血腥",风靡全球的多人动作竞技大作，现已永久免费！来这里舞利刃、端火枪，享受远近结合的华丽战斗！驾驭风沙、机甲，化身野兽、大佛，体验风格迥异的英雄能力！在这场60人生存竞技中成为最后的赢家！,2021 年 8 月 11 日,24 Entertainment,645.0,多半好评,7582,77.0,多半好评,213381,75.0
https://store.steampowered.com/app/2195250/,2195250,EA SPORTS FC™ 24,"足球
体育
控制器
多人
玩家对战
电竞
竞技
玩家对战环境
3D
本地多人
模拟
合作
第一人称
拟真
在线合作
单人
本地合作
动作
阖家
抢先体验",兼具由 HyperMotionV 提供技术支持的最真实的足球体验、由 Opta 优化的比赛风格和升级版 Frostbite™ 引擎的《EA SPORTS FC™ 24》邀您投身于这款世界性游戏。,2023 年 9 月 28 日,EA Canada & EA Romania,418.0,褒贬不一,8121,57.0,褒贬不一,50961,55.0
https://store.steampowered.com/app/2524890/,2524890,Pixel Gun 3D: PC Edition,"玩家对战
像素图形
角色自定义
多人
射击
动作
战斗
第一人称射击
第一人称
竞技场射击
单人
大逃杀
英雄射击
第三人称射击
冒险
故事架构丰富 
狙击手
彩色
体素
卡通风格",《Pixel Gun 3D》 是多彩像素画面的传奇多人第一人称射击游戏的近完整版PC端。在多种游戏模式中作战，解锁地图，收集 1500 多种独特枪支,2024 年 4 月 2 日,Cubic Games Studio,42.0,褒贬不一,9225,58.0,褒贬不一,9225,58.0
https://store.steampowered.com/app/570/,570,Dota 2,"免费开玩
多人在线战术竞技
多人
策略
电竞
团队导向
竞技
动作
在线合作
玩家对战
困难
合作
即时战略
角色扮演
塔防
奇幻
角色自定义
重玩价值
动作角色扮演
模拟",每一天全球有数百万玩家化为一百余名Dota英雄展开大战。不论是游戏时间刚满10小时还是1000小时，比赛中总能找到新鲜感。定期的更新则保证游戏性、功能和英雄都能持续发展，Dota 2已真正地焕发了生命。,2013 年 7 月 9 日,Valve,37.0,多半好评,25161,79.0,特别好评,2211163,81.0
https://store.steampowered.com/app/413150/,413150,Stardew Valley,"农场模拟
像素图形
生活模拟
多人
角色扮演
放松
农业
模拟
制作
沙盒
独立
建造
单人
休闲
开放世界
2D
可爱
恋爱模拟
好评原声音轨
钓鱼",你继承了你爷爷在星露谷留下的老旧农场。带着爷爷留下的残旧工具和几枚硬币开始了你的新生活。你能适应这小镇上的生活并且将这个杂草丛生的老旧农场变成一个繁荣的家吗？,2016 年 2 月 26 日,ConcernedApe,21.0,好评如潮,21401,98.0,好评如潮,576229,98.0
https://store.steampowered.com/app/1085660/,1085660,命运2,"免费开玩
开放世界
第一人称射击
刷宝射击游戏
大型多人在线角色扮演
合作
多人
玩家对战环境
玩家对战
射击
大型多人在线
刷宝
第一人称
科幻
动作
故事架构丰富 
冒险
太空
竞技
氛围",命运2是发生在一个独立进化的世界中的一款免费的大型多人线上动作游戏。你可以在任何时间与任何地点和你的朋友们进行游戏。,2019 年 10 月 1 日,Bungie,0,褒贬不一,4101,68.0,特别好评,588244,80.0
https://store.steampowered.com/app/805550/,805550,神力科莎：竞速 Assetto Corsa Competizione,"竞速
汽车模拟
模拟
多人
虚拟现实
驾驶
拟真
体育
单人
控制器
开放世界
电竞
抢先体验
第一人称
在线合作
竞技
氛围
可模组化
困难
动作",Assetto Corsa Competizione是最新的宝珀GT系列赛官方授权游戏。该作优异的拟真水平能让玩家感受FIA GT3系列赛的独特氛围，游戏内有官方赛车手、车队、车辆与赛道，这些内容将以高水准的精确细节呈现。,2019 年 5 月 29 日,Kunos Simulazioni,68.0,特别好评,549,91.0,特别好评,21277,92.0
https://store.steampowered.com/app/1203620/,1203620,雾锁王国 (Enshrouded),"开放世界
生存
基地建设
多人
在线合作
制作
动作角色扮演
角色扮演
冒险
建造
探索
单人
抢先体验
奇幻
角色自定义
沙盒
动作
玩家对战环境
3D
独立",你是火焰之子，一个濒死种族最后的希望火苗。苏醒吧，克服腐化一切的迷雾所裹挟的恐怖，重新夺回你的王国所失落的瑰丽。置身于广袤世界，战胜难以想象的强大Boss，修造宏伟厅堂，在这款至多16名玩家的合作类生存动作RPG中开辟属于自己的道路。,2024 年 1 月 24 日,Keen Games GmbH,28.0,特别好评,4934,86.0,特别好评,41821,86.0
https://store.steampowered.com/app/262060/,262060,Darkest Dungeon®,"回合制战斗
迷宫探索
黑暗奇幻
类 Rogue
角色扮演
洛夫克拉夫特式
困难
回合制
单人
永久死亡
策略
氛围
黑暗
独立
2D
轻度 Rogue
恐怖
哥特
奇幻
Kickstarter",《Darkest Dungeon》是一个极具挑战性的哥特式类 Rogue 回合制 RPG，聚焦冒险的心理压力。招募、训练和领导一队有缺点的英雄，对抗难以想象的恐怖、压力、饥荒、疾病和不断侵蚀的黑暗。当失去了所有的希望，你是否还能将你的英雄团结在一起？,2016 年 1 月 19 日,Red Hook Studios,42.0,特别好评,1299,89.0,特别好评,115904,91.0
https://store.steampowered.com/app/1778820/,1778820,铁拳8,"格斗
动作
3D 格斗
多人
电竞
本地多人
街机
玩家对战
单人
休闲
竞技
好评原声音轨
困难
角色自定义
动漫
剧情丰富
武术
控制器
色情内容
裸露",3D对战格斗游戏的最高峰「铁拳」系列最新作「铁拳8」 总共32名角色激战。「铁拳」传奇揭开新幕。 系列作史上最强爽快感的战斗。,2024 年 1 月 25 日,Bandai Namco Studios Inc.,344.0,褒贬不一,3030,63.0,特别好评,15985,82.0
https://store.steampowered.com/app/292030/,292030,巫师 3：狂猎,"开放世界
角色扮演
剧情丰富
氛围
成人
奇幻
冒险
单人
裸露
选择取向
好评原声音轨
第三人称
中世纪
动作
多结局
动作角色扮演
魔法
黑暗奇幻
黑暗
沙盒",您是利维亚的杰洛特，收钱办事的怪物杀手。您可以在眼前这片怪物横行、饱受战火摧残的土地上尽情探索。您手上的委托？追踪预言之子——希里，一件足以改变世界面貌的活生生的武器。,2015 年 5 月 18 日,CD PROJEKT RED,35.0,好评如潮,4755,95.0,好评如潮,701693,96.0
https://store.steampowered.com/app/1324130/,1324130,Stranded: Alien Dawn,"生存
基地建设
模拟
策略
制作
3D
战斗
破坏
管理
狩猎
殖民模拟
烹饪
选择取向
库存管理
资源管理
科幻
单人
教程
建造
太空",在《滞困：异星黎明》勇闯新世界，在这款行星生存模拟游戏中，您将掌握一个身处困境的小团体的命运。通过扣人心弦且身历其境的策略玩法来打造您的故事：您要做出重要的抉择以保护您的生存者。,2023 年 4 月 25 日,Haemimont Games,52.0,特别好评,222,82.0,特别好评,6842,85.0
https://store.steampowered.com/app/1106840/,1106840,Hydroneer,"基地建设
采矿
沙盒
自动化
合作
开放世界
欢乐
建造
休闲
资源管理
模拟
独立
多人
单人
冒险
制作
第一人称
策略
分屏
阖家",Hydroneer是一款挖矿和建筑题材的沙盒游戏。挖掘黄金等资源来盈利并发展您的挖矿事业。建造业务基地、锻造武器、垂钓和挖掘深坑！,2020 年 5 月 8 日,Foulball Hangover,58.0,特别好评,394,85.0,特别好评,19354,87.0
https://store.steampowered.com/app/1409830/,1409830,英灵殿之子 Sons of Valhalla,"策略
角色扮演
动作
中世纪
冒险
开放世界
战争
沙盒
模拟
剧情丰富
生存
黑暗奇幻
城市营造
轻度 Rogue
单人
战术
角色自定义
第三人称
历史
氛围",《英灵殿之子》是一款设定在维京时代的战斗和基地建造游戏。建造堡垒并包围敌人的据点，聚集武士，登上长艇，参与个人战斗，侵袭和征战英格兰。,2024 年 4 月 5 日,Pixel Chest,39.0,褒贬不一,159,55.0,褒贬不一,159,55.0
https://store.steampowered.com/app/2379780/,2379780,Balatro,"牌组构建式类 Rogue
卡牌游戏
类 Rogue
牌组构建
单人
策略
回合制
卡牌战斗
选择取向
重玩价值
像素图形
轻度 Rogue
休闲
回合战略
困难
2D
模拟
程序生成
放松
街机",Balatro是一场循环不息的扑克之旅。在这款令人陶醉的策略构建游戏中，你将参与到非法牌局，发掘能够改变局势的小丑牌，引爆一系列令人血脉喷张、疯狂迸发的连锁效应。,2024 年 2 月 20 日,LocalThunk,15.0,好评如潮,11391,96.0,好评如潮,24991,97.0
https://store.steampowered.com/app/275850/,275850,No Man's Sky 无人深空,"开放世界
开放世界生存制作
太空
探索
科幻
生存
程序生成
冒险
第一人称
沙盒
单人
多人
氛围
制作
太空模拟
独立
动作
模拟
第一人称射击
虚拟现实",《无人深空》是一款打破边界的科幻游戏，通过创新的随机生成技术，打造了一个无尽宇宙供玩家自由探索，玩家可以穿越星际、挖掘未知星球、建立基地并与神秘外星生物共生，每个探险家都将书写属于自己的宇宙传奇。,2016 年 8 月 12 日,Hello Games,175.0,特别好评,2709,92.0,多半好评,224759,78.0
https://store.steampowered.com/app/2338770/,2338770,NBA 2K24,"体育
篮球
模拟
电竞
3D
拟真
管理
沉浸式模拟
玩家对战
角色自定义
控制器
团队导向
贸易
合作
本地合作
本地多人
多人
在线合作
赌博
单人",在《NBA 2K24》中体验篮球文化。在辉煌生涯中畅享篮球的纯粹和无尽的个性化自创球员选项。在梦幻球队中组建你的完美阵容。在快速比赛中与你最喜爱的NBA和WNBA球队同台竞技，感受更为灵敏的游戏响应和更为精细的视觉效果。,2023 年 9 月 7 日,Visual Concepts,118.0,多半差评,3206,38.0,多半差评,21404,25.0
https://store.steampowered.com/app/2484250/,2484250,星之後裔 : Knights of Veda,"角色扮演
动作
动作角色扮演
横向滚屏
类魂系列
2D
2.5D
黑暗奇幻
黑暗
中世纪
奇幻
玩家对战环境
玩家对战
战斗
剧情丰富
多人
风格化
动漫
在线合作
合作",《星之后裔：Knights of Veda》是一款视觉震撼、故事情节丰富的2D RPG游戏。一场由疯王举行的黑暗仪式所引发的黑暗瘟疫侵袭了弗莱尼斯大陆。只有你和其他吠陀骑士才能让世界重回正轨。,2024 年 4 月 1 日,FLINT,0,褒贬不一,2058,40.0,褒贬不一,2058,40.0
https://store.steampowered.com/app/1627720/,1627720,Lies of P,"类魂系列
动作
黑暗奇幻
探索
动作角色扮演
第三人称
单人
冒险
剧情丰富
黑暗
3D
蒸汽朋克
氛围
角色扮演
选择取向
多结局
暴力
哥特
重玩价值
开放世界",《Lies of P》是一款精彩刺激的魂类游戏，灵感源于《匹诺曹》的故事，风格颠覆原作，游戏设定在“美好时代”的暗黑优雅背景之下。,2023 年 9 月 18 日,NEOWIZ,50.0,特别好评,1305,90.0,特别好评,24804,92.0
https://store.steampowered.com/app/812140/,812140,Assassin's Creed® Odyssey,"开放世界
角色扮演
历史
单人
动作
暗杀
第三人称
冒险
神话
多结局
潜行
剧情丰富
女性主角
跑酷
探索
选择取向
动作角色扮演
动作冒险
多人
自选历险体验",在《Assassin's Creed® Odyssey》当中主宰自己的命运。 从一名流浪者蜕变成传奇人物，踏上这趟奥德赛之旅，找出你过往的秘密并改变古希腊的命运。,2018 年 10 月 5 日,Ubisoft Quebec,125.0,特别好评,1455,88.0,特别好评,136856,89.0
https://store.steampowered.com/app/835960/,835960,塔罗斯的法则2,"解谜
第一人称
剧情丰富
平台解谜
科幻
探索
3D 平台
步行模拟
哲理
第三人称
后末日
动作冒险
故事架构丰富 
3D
线性
拟真
逻辑
政治性
科学
悬疑",《塔罗斯的法则2》是激发思考的第一人称解谜游戏，大幅拓展了第一代游戏的哲学主题及令人叹为观止的环境，加入解谜难度越来越高的挑战。,2023 年 11 月 2 日,Croteam,22.0,特别好评,475,94.0,好评如潮,7837,95.0
https://store.steampowered.com/app/1326470/,1326470,Sons Of The Forest,"生存
开放世界
多人
生存恐怖
合作
基地建设
制作
恐怖
第一人称
探索
建造
冒险
单人
氛围
动作冒险
沙盒
动作
模拟
抢先体验
沉浸式模拟",你被派到了一座孤岛上，寻找一位失踪的亿万富翁，结果却发现自己深陷被食人生物占领的炼狱之地。你需要制作工具和武器、建造房屋，倾尽全力生存下去，无论独自一人还是与朋友一起——一切尽在这款新推出的开放世界恐怖生存模拟游戏中。,2024 年 2 月 22 日,Endnight Games Ltd,108.0,特别好评,6071,88.0,特别好评,168635,86.0
https://store.steampowered.com/app/2252570/,2252570,Football Manager 2024,"模拟
体育
策略
足球
管理
电竞
即时战术
3D
多人
经济
2D
基于文字
单人
游戏工坊",构建世界级球队，在最负盛名的足球赛事中战胜敌人，称霸赛场。持之以恒，追逐荣耀，进步永不停歇。,2023 年 11 月 6 日,Sports Interactive,298.0,特别好评,635,88.0,特别好评,6360,88.0
https://store.steampowered.com/app/493340/,493340,过山车之星,"模拟
建造
管理
沙盒
阖家
放松
策略
拟真
欢乐
经济
单人
好评原声音轨
氛围
彩色
第三人称
城市营造
休闲
上帝模拟
3D
第一人称",Planet Coaster® — 过山车公园模拟游戏的明日之光重磅来袭！建造您的过山车公园帝国，为人们带来难以置信的惊奇、欢乐和刺激 — 放飞您的想象力，与世界分享您的成就。,2016 年 11 月 17 日,Frontier Developments,15.0,特别好评,317,91.0,特别好评,51415,91.0
https://store.steampowered.com/app/1594320/,1594320,工业巨头 (Captain of Industry),"基地建设
自动化
资源管理
模拟
管理
采矿
经济
城市营造
生存
殖民模拟
拟真
策略
交通运输
建造
抢先体验
逻辑
单人
农业
可模组化
3D",带领您的船员们停靠到一个废弃岛屿上！开采原材料，种植粮食，建造工厂，制造产品，研究新技术以及进行贸易，最终成为工业巨头！让您的殖民地保持繁荣昌盛绝非易事。,2022 年 5 月 31 日,MaFi Games,146.97,好评如潮,126,98.0,特别好评,4655,94.0
https://store.steampowered.com/app/227300/,227300,Euro Truck Simulator 2,"驾驶
交通运输
模拟
开放世界
汽车模拟
拟真
可模组化
放松
探索
沉浸式模拟
经济
管理
氛围
多人
控制器
阖家
第三人称
冒险
休闲
独立",像公路之王一样在欧洲穿行， 将价值不菲的货物完美送抵远方！往返于英国，比利时，德国，意大利，荷兰，波兰等众多城市；您的耐力，技巧，速度都被您发挥到了极致！,2012 年 10 月 18 日,SCS Software,0,好评如潮,6879,96.0,好评如潮,554948,97.0
https://store.steampowered.com/app/440/,440,Team Fortress 2,"免费开玩
英雄射击
多人
第一人称射击
射击
动作
职业导向
团队导向
欢乐
第一人称
在线合作
竞技
卡通风格
贸易
合作
喜剧
机器人
战术
卡通
制作",九种不同的兵种各自具备不同的作战能力和性格，不断更新的游戏模式、地图、装备，当然还有最重要的——头饰！,2007 年 10 月 10 日,Valve,43.0,特别好评,6868,91.0,特别好评,1038295,93.0
https://store.steampowered.com/app/582010/,582010,Monster Hunter: World,"合作
多人
动作
开放世界
角色扮演
第三人称
角色自定义
冒险
奇幻
困难
动作角色扮演
单人
探索
好评原声音轨
重玩价值
氛围
砍杀
日系角色扮演
类魂系列
大型多人在线角色扮演","新的生命之地。狩猎, 就是本能! 「Monster Hunter: World」中,玩家可以体验终极的狩猎生活,活用新建构的世界中各种各样的地形与生态环境享受狩猎的惊喜与兴奋。",2018 年 8 月 8 日,"CAPCOM Co., Ltd.",0,特别好评,4735,91.0,特别好评,259588,88.0
https://store.steampowered.com/app/526870/,526870,Satisfactory,"基地建设
自动化
开放世界
多人
制作
合作
资源管理
建造
沙盒
探索
冒险
开放世界生存制作
抢先体验
模拟
生存
第一人称
策略
科幻
单人
独立",是一款第一人称开放世界工厂建造游戏，融入探索和战斗等特色元素。玩家可以独自在游戏中展开异星冒险，也可以与好友共同探索外星星球，建造多层工厂，进入传送带天堂！,2020 年 6 月 8 日,Coffee Stain Studios,33.0,特别好评,2205,94.0,好评如潮,134959,97.0
https://store.steampowered.com/app/1244090/,1244090,Sea of Stars 星之海,"角色扮演
像素图形
回合制战斗
冒险
日系角色扮演
剧情丰富
2D
回合制
单人
复古
奇幻
独立
故事架构丰富 
欢乐
喜剧
探索
彩色
情感
女性主角
Kickstarter",《星之海》是一款向经典致敬的回合制角色扮演游戏。玩家将扮演两位至日之子，集日月之力施展星蚀魔法，以此对抗造物术士的邪恶爪牙。,2023 年 8 月 28 日,Sabotage Studio,22.0,特别好评,290,84.0,特别好评,7254,88.0
https://store.steampowered.com/app/1158310/,1158310,Crusader Kings III,"策略
中世纪
大战略
模拟
角色扮演
历史
管理
角色自定义
即时战略
生活模拟
沙盒
选择取向
战争
单人
4X
经济
可模组化
政治性
多人
即时含暂停",爱恋、争斗、计谋并成就伟大。在《Crusader Kings III》这款大型战略游戏里决定您的贵族家族的命运。在这个丰富、宏伟的中世纪模拟游戏中，引领您的王朝血脉，死亡只是开始。,2020 年 9 月 1 日,Paradox Development Studio,662.0,特别好评,1199,81.0,特别好评,68527,91.0
https://store.steampowered.com/app/1222670/,1222670,The Sims™ 4,"生活模拟
建造
角色自定义
爱情
沙盒
多人
模拟
单人
放松
免费开玩
恋爱模拟
休闲
沉浸式模拟
可爱
拟真
欢乐
冒险
阖家
奇幻
卡通风格",在一个无拘无束的虚拟世界中，享受创造和控制人生的奇妙力量。 得到力量和自由，享受快乐，游戏人生！,2014 年 9 月 2 日,Maxis,38.0,特别好评,3461,87.0,特别好评,132339,87.0
https://store.steampowered.com/app/899770/,899770,Last Epoch,"动作角色扮演
刷宝
砍杀
角色扮演
等角视角
多人
动作
冒险
合作
独立
迷宫探索
俯视
单人
血腥
抢先体验
暴力
奇幻
角色自定义
魔法
大型多人在线角色扮演",揭示过往，重铸未来。在15个精通职业中选择其一，探索危险的地下城，追寻史诗级战利品，打造传奇武器，掌握百余种变形技能树的力量。请尽情体验由狂热的RPG游戏迷团队开发的《最后纪元》。,2024 年 2 月 21 日,Eleventh Hour Games,100.0,多半好评,10633,76.0,多半好评,82318,77.0
https://store.steampowered.com/app/1940340/,1940340,Darkest Dungeon® II,"回合制战术
轻度 Rogue
迷宫探索
黑暗奇幻
洛夫克拉夫特式
单人
永久死亡
电脑角色扮演
类 Rogue
剧情丰富
回合制
手绘
团队角色扮演
2D
程序生成
哥特
回合制战斗
回合战略
角色扮演
风格化",《暗黑地牢2》是一场有去无回的类Rogue公路旅行。组建一支队伍，武装你的驿站马车，然后策马横穿日益腐朽的大地，去追寻避免末世浩劫的最后一线希望。但是务必当心：最大的威胁，或许正潜藏在你们之中……,2023 年 5 月 8 日,Red Hook Studios,42.0,褒贬不一,329,68.0,多半好评,13597,75.0
https://store.steampowered.com/app/1566690/,1566690,重装前哨,"机器人
3D
基地建设
塔防
第一人称射击
资源管理
合作
后末日
单人
自动化
科幻
策略
刷宝射击游戏
军事
射击
开放世界
即时战略
生存
制作
动作",指挥自己的移动哨站，手握“溶质枪”深入危机四伏的“天印”监控无人区，收集那些令人惊奇的武器部件，提升火力，与它并肩作战。塔防、FPS、RTS多种玩法融为一体，灵活应对，将袭来的敌军消灭殆尽。 在多人合作模式下，召集伙伴抵御敌人、攻克前方的危机与挑战，从“天印”手中夺回大地！,2024 年 3 月 26 日,Team Ranger,138.0,褒贬不一,6876,63.0,褒贬不一,6876,63.0
https://store.steampowered.com/app/294100/,294100,RimWorld,"殖民模拟
基地建设
生存
策略
沙盒
管理
建造
模拟
单人
城市营造
可模组化
开放世界
程序生成
2D
科幻
独立
太空
战术角色扮演
西部
卡通风格",由聪明的人工智能故事讲述者驱动的科幻殖民地模拟电脑游戏。通过模拟心理学、生态学、枪战、近战、气候、生物群落、外交、人际关系、艺术、医学、贸易等来生成故事。,2018 年 10 月 17 日,Ludeon Studios,356.0,好评如潮,2184,97.0,好评如潮,153396,98.0
https://store.steampowered.com/app/1174180/,1174180,Red Dead Redemption 2,"开放世界
剧情丰富
西部
冒险
多人
动作
拟真
单人
射击
氛围
马匹
唯美
成人
第三人称射击
好评原声音轨
第三人称
血腥
沙盒
第一人称
第一人称射击",Red Dead Redemption 2 已荣获超过 175 项年度游戏奖项且获得超过 250 个满分评价，游戏中述说亚瑟·摩根和声名狼藉的范德林德帮派的传奇故事，体验在 19 世纪的最后岁月里横跨美国的亡命之旅。除此之外，还可免费享受 Red Dead 在线模式中与众多玩家共享的逼真世界。,2019 年 12 月 5 日,Rockstar Games,429.0,特别好评,13010,93.0,特别好评,513133,91.0
https://store.steampowered.com/app/728880/,728880,Overcooked! 2,"多人
在线合作
本地合作
合作
休闲
欢乐
烹饪
独立
4 人本地
本地多人
动作
阖家
可爱
控制器
喜剧
困难
单人
模拟
策略
彩色",Overcooked 回来了，带着全新的烹饪行动！重返洋葱王国，通过经典的本地合作模式或是在线游戏模式组建多达四人的大厨团队。系好你的围裙……是时候（再一次）拯救这个世界了！,2018 年 8 月 7 日,Ghost Town Games Ltd.,15.0,特别好评,1063,89.0,特别好评,43436,90.0
https://store.steampowered.com/app/1551360/,1551360,极限竞速：地平线 5,"竞速
开放世界
驾驶
多人
汽车模拟
拟真
冒险
模拟
街机
探索
第一人称
氛围
体育
合作
玩家对战
在线合作
单人
唯美
动作
虚拟现实",您的“终极地平线冒险”即将开启！驾驶世界名车，探索墨西哥充满活力的户外景色，享受无拘无束又充满乐趣的驾驶体验。在终极地平线拉力赛中征服富有挑战的塞拉努埃瓦。需拥有《极限竞速：地平线 5》才能体验，扩充内容需另购。,2021 年 11 月 8 日,Playground Games,0,特别好评,5100,88.0,特别好评,157177,88.0
https://store.steampowered.com/app/1172620/,1172620,Sea of Thieves: 2024 Edition,"多人
冒险
开放世界
海盗
合作
在线合作
动作
玩家对战
航海
第一人称
探索
海军
欢乐
玩家对战环境
大型多人在线
氛围
第一人称射击
剑术
好评原声音轨
单人",《Sea of Thieves》是一款十分受欢迎的海盗冒险游戏，带你感受最正宗的海盗生活：寻找遗失的宝藏占为己有，和各方势力战个痛快，打败深海怪物等。深度体验改版之后的游戏，包括数字版奖励内容。,2020 年 6 月 3 日,Rare Ltd,298.0,特别好评,3456,86.0,特别好评,276408,90.0
https://store.steampowered.com/app/1844380/,1844380,Warhammer Age of Sigmar: Realms of Ruin,"策略
动作
动作即时战略
即时战略
即时战术
奇幻
战争游戏
3D
电影式
风格化
剧情丰富
故事架构丰富 
多人
玩家对战
战术
控制器
战争
战斗
战锤 40K
拟真",在这个以《战锤西格玛时代》宇宙作为背景、撼动诸域的即时战略游戏中踏上征服之路，发起残酷的战役。在剧情战役中率领具有独特风格的四个阵营，投身于各种不同的战役，通过在线多人游戏与远方的军阀战斗，测试自己的勇气。,2023 年 11 月 17 日,Frontier Developments,33.0,褒贬不一,104,46.0,褒贬不一,1182,58.0
https://store.steampowered.com/app/247080/,247080,Crypt of the NecroDancer,"节奏
类 Rogue
永久死亡
不可思议迷宫
迷宫探索
困难
动作类 Rogue
女性主角
网格导向动作
轻度 Rogue
基于音乐的程序生成
像素图形
2D
砍杀
俯视
程序生成
魔法
角色扮演
奇幻
动作",“节奏地牢是一个屡获殊荣的铁杆roguelike节奏游戏。随着音乐移动，踏着节拍击败敌人！,2015 年 4 月 23 日,Brace Yourself Games,11.0,特别好评,128,91.0,好评如潮,21022,95.0
https://store.steampowered.com/app/881020/,881020,Granblue Fantasy: Relink,"动漫
动作
日系角色扮演
动作角色扮演
在线合作
奇幻
多人
角色扮演
第三人称
单人
女性主角
华丽格斗
3D
控制器
砍杀
龙
教程
魔法
玩家对战环境
剑术",可4人联机！实打实的ARPG！ 大量动作风格独特的游戏角色将登场。玩家可操作各自的角色接连发动攻击，4人联合发动“连锁攻击”“奥义连锁”，华丽地击溃敌人吧！ 本作除构思巧妙的对战及个性化的养成系统以外，还有可根据玩家技术设置的辅助功能，即便是新手玩家也可轻松上手！ 和朋友一起组队，体验冒险与对战吧！,2024 年 1 月 31 日,"Cygames, Inc.",374.0,特别好评,3687,80.0,特别好评,28549,89.0
https://store.steampowered.com/app/444200/,444200,坦克世界闪电战,"坦克
免费开玩
射击
第一人称射击
策略
动作
多人
玩家对战
大型多人在线
二战
战争
军事
在线合作
竞技
3D 平台
团队导向
合作
拟真
即时战术
单人",下载World of Tanks Blitz版本更新，击败人类的敌人并夺取海量战利品！,2016 年 11 月 9 日,Wargaming Group Limited,0,褒贬不一,1222,64.0,多半好评,138653,79.0
https://store.steampowered.com/app/739630/,739630,Phasmophobia,"恐怖
在线合作
多人
心理恐怖
合作
虚拟现实
灵异
第一人称
调查
黑暗
恶魔
推理
悬疑
3D
抢先体验
惊悚
独立
动作
战术
单人",Phasmophobia is a 4 player online co-op psychological horror. Paranormal activity is on the rise and it’s up to you and your team to use all the ghost-hunting equipment at your disposal in order to gather as much evidence as you can.,2020 年 9 月 18 日,Kinetic Games,47.0,特别好评,6373,94.0,好评如潮,543617,96.0
https://store.steampowered.com/app/460930/,460930,Tom Clancy's Ghost Recon® Wildlands,"开放世界
射击
合作
多人
潜行
战术
动作
单人
第三人称射击
军事
第一人称射击
在线合作
第三人称
冒险
生存
策略
沙盒
第一人称
氛围
玩家对战",《Tom Clancy’s Ghost Recon® Wildlands》是大规模、危险及响应式开放世界中的开创性军事射击游戏，你可以进行单人游戏，也可以与四位玩家联合作战。,2017 年 3 月 6 日,Ubisoft Paris,75.0,特别好评,892,81.0,特别好评,71049,80.0
https://store.steampowered.com/app/392160/,392160,X4: Foundations,"太空模拟
沙盒
程序生成
经济
模拟
探索
飞行
建造
管理
太空
生存
贸易
策略
第一人称
开放世界
科幻
氛围
大战略
单人
沉浸式",《X4：基石》是一个巨大的太空沙盒模拟器，在你的游戏系统中生存和呼吸。数以千计的战舰和站点进行贸易、采矿和生产，所有这些都是真实化模拟。在这个宇宙中，你可以从驾驶战斗机的孤独飞行员，成长到管理一个庞大的帝国，指挥你的舰队和设计巨大的空间站。从第一人称的行动中登船并参观他们的战舰，到广阔的战略和管理模拟的无缝过渡。以你自己的节奏选择你自己的道路。决定权在你手中。贸易-战斗-建设-思考。,2018 年 11 月 30 日,Egosoft,42.0,特别好评,189,83.0,多半好评,15955,77.0
https://store.steampowered.com/app/2073850/,2073850,THE FINALS,"多人
射击
免费开玩
第一人称射击
破坏
玩家对战
第一人称
团队导向
动作
角色自定义
战术
资本主义
职业导向
战斗
拟真
选择取向
刷宝
枪械改装
制作
大逃杀",立即加入在以全世界著名城市为背景的虚拟竞技场，展开激烈战斗的竞技秀《THE FINALS》！ 在这款第一人称射击游戏里，可破坏且变化多端的战场上与队友并肩作战，利用独有的战斗风格登上巅峰吧！,2023 年 12 月 7 日,Embark Studios,144.0,多半好评,12063,77.0,多半好评,154536,75.0
https://store.steampowered.com/app/1144200/,1144200,Ready or Not,"战术
拟真
第一人称射击
射击
多人
合作
单人
第一人称
恐怖
动作
暴力
枪械改装
战斗
犯罪
现代
血腥
氛围
美国
合作战役
抢先体验",洛斯苏埃诺斯市——LSPD报告称，泛洛斯苏埃诺斯地区的暴力犯罪事件急剧增加。警局已派遣SWAT小队应对包括人质危机、炸弹威胁、嫌犯固守在内的各类高危情形。建议广大市民非必要不外出。,2023 年 12 月 13 日,VOID Interactive,159.0,特别好评,4112,89.0,特别好评,133066,88.0
https://store.steampowered.com/app/1329410/,1329410,雀魂麻將(MahjongSoul),"心理恐怖
类魂系列
恐怖
惊悚
色情内容
生存恐怖
免费开玩
裸露
困难
桌上游戏
第一人称射击
玩家对战
多人
成人
休闲
动漫
麻将
可爱
恋爱模拟
策略",随时随地，轻松麻将！ 精美和风立直麻将游戏——《雀魂麻将》国际中文服Steam版现已正式上线！,2020 年 7 月 14 日,Catfood Studio,0,多半差评,2254,31.0,褒贬不一,56253,52.0
https://store.steampowered.com/app/233860/,233860,Kenshi,"开放世界
沙盒
角色扮演
生存
策略
建造
基地建设
单人
后末日
制作
城市营造
独立
模拟
冒险
管理
即时战略
忍者
角色自定义
架空历史
蒸汽朋克",一款以自由行动小分队为基础的角色扮演RPG类游戏。专注于开放式的沙盒游戏功能而非线性故事。选择成为商人、小偷、反叛者、军阀、冒险者、农民、奴隶或是食人族的牙祭。探索新设备，锻造新装备。,2018 年 12 月 6 日,Lo-Fi Games,21.0,特别好评,1207,92.0,好评如潮,69015,95.0
https://store.steampowered.com/app/2273430/,2273430,苍翼：混沌效应,"动作类 Rogue
动作冒险
平台游戏
类银河战士恶魔城
2D
动作
像素图形
重玩价值
轻度 Rogue
程序生成
独立
清版动作
赛博朋克
后末日
剧情丰富
多结局
类 Rogue
2D 格斗
动漫
Rogue 恶魔城",超华丽动作战斗，极致畅爽连招！ 超多角色、超百种招式！这款独树一帜的动作Rogue游戏将带给你酣畅淋漓的超预期体验。,2024 年 2 月 14 日,91Act,76.0,好评如潮,3577,96.0,特别好评,15412,93.0
https://store.steampowered.com/app/960090/,960090,Bloons TD 6,"塔防
策略
多人
单人
在线合作
合作
阖家
休闲
3D
卡通风格
沙盒
好评原声音轨
困难
欢乐
可爱
生存
动作
独立
2D
冒险",精彩纷呈的塔防游戏,2018 年 12 月 17 日,Ninja Kiwi,22.0,好评如潮,3618,95.0,好评如潮,265800,97.0
https://store.steampowered.com/app/1364780/,1364780,Street Fighter 6,"2D 格斗
格斗
角色自定义
动作
街机
多人
冒险
竞技
玩家对战
开放世界
电竞
单人
动作角色扮演
本地多人
控制器
3D
好评原声音轨
沙盒
3D 格斗
武术",系列最新作《Street Fighter 6》将于2023年6月2日发售！ 本作以RE ENGINE开发，并由系列前所未有的大型模式“环球游历”、“斗技战场”以及“格斗中心”构成。新的“Street Fighter”和前所未有的全新体验正在等待着你的到来。,2023 年 6 月 1 日,"CAPCOM Co., Ltd.",594.0,特别好评,1002,84.0,特别好评,23201,86.0
https://store.steampowered.com/app/2161700/,2161700,女神异闻录３ Reload,"日系角色扮演
角色扮演
团队角色扮演
动漫
冒险
策略
回合战略
恋爱模拟
策略角色扮演
视觉小说
黑暗
情感
剧情丰富
彩色
回合制战斗
悬疑
灵异
推理
多结局
劫掠",《女神异闻录３》整装换新，登陆现行最新游戏平台！,2024 年 2 月 1 日,ATLUS,139.0,特别好评,2406,88.0,好评如潮,13366,95.0
https://store.steampowered.com/app/1248130/,1248130,Farming Simulator 22,"模拟
农场模拟
合作
农业
可模组化
多人
管理
沙盒
3D
第一人称
经济
在线合作
沉浸式模拟
开放世界
阖家
角色自定义
自然
马匹
第三人称
美国",创建您的农场，种出美好时光！收获作物、照料动物、管理生产，直面季节性的挑战。,2021 年 11 月 21 日,Giants Software,0,特别好评,1573,93.0,特别好评,49532,92.0
https://store.steampowered.com/app/1874880/,1874880,Arma Reforger,"动作
模拟
射击
策略
军事
第一人称射击
拟真
沙盒
第一人称
即时战术
战术
第三人称
战争
开放世界
多人
玩家对战环境
玩家对战
冷战
80 年代
可模组化",体验逼真写实的冷战时代，并与好友们一起在面积达 51 平方公里的大西洋中部岛屿上浴血拼杀；或者还可以扮演 Game Master，并打造自己专属的战役场景供其他人游玩。,2023 年 11 月 16 日,Bohemia Interactive,40.0,多半好评,559,77.0,褒贬不一,9995,65.0
https://store.steampowered.com/app/284160/,284160,BeamNG.drive,"模拟
驾驶
拟真
破坏
物理
汽车模拟
开放世界
沙盒
竞速
可模组化
多人
单人
抢先体验
第一人称
第三人称
探索
欢乐
冒险
动作
飞行",一款搭载软体物理系统的动态车辆模拟游戏，能够让任何事情成为可能。,2015 年 5 月 29 日,BeamNG,80.0,好评如潮,5635,96.0,好评如潮,219243,97.0
https://store.steampowered.com/app/648800/,648800,Raft,"生存
多人
开放世界生存制作
合作
制作
开放世界
建造
基地建设
在线合作
冒险
沙盒
第一人称
单人
抢先体验
水底
模拟
动作
独立
策略
大型多人在线","Raft™ throws you and your friends into an epic oceanic adventure! Alone or together, players battle to survive a perilous voyage across a vast sea! Gather debris, scavenge reefs and build your own floating home, but be wary of the man-eating sharks!",2022 年 6 月 20 日,Redbeet Interactive,68.0,特别好评,3187,90.0,特别好评,260267,93.0
https://store.steampowered.com/app/108600/,108600,Project Zomboid,"生存
僵尸
开放世界
开放世界生存制作
多人
沙盒
后末日
合作
制作
独立
建造
模拟
角色扮演
生存恐怖
拟真
等角视角
单人
2D
冒险
抢先体验","Project Zomboid is the ultimate in zombie survival. Alone or in MP: you loot, build, craft, fight, farm and fish in a struggle to survive. A hardcore RPG skillset, a vast map, massively customisable sandbox and a cute tutorial raccoon await the unwary. So how will you die? All it takes is a bite..",2013 年 11 月 8 日,The Indie Stone,198.0,特别好评,5887,94.0,特别好评,218183,94.0
https://store.steampowered.com/app/1371580/,1371580,帝国神话,"建造
开放世界生存制作
沙盒
开放世界
战争
生存
大型多人在线角色扮演
基地建设
角色自定义
动作冒险
角色扮演
砍杀
策略
多人
第三人称
历史
3D
动作
团队导向
大型多人在线",《帝国神话》是一款以高自由度玩法为核心的冷兵器战争沙盒网游。玩家将置身于一个多文明世界，体验生存、建设、经营和创造的丰富玩法，另外在宏大的PVE或PVP世界中，玩家可充分施展战略领导才能，引领部族攻城掠地，最终铸就独属于自己的帝国！,2024 年 2 月 21 日,Angela Game,118.0,褒贬不一,1752,60.0,多半好评,11233,71.0
https://store.steampowered.com/app/835570/,835570,战意,"玩家对战
中世纪
大型多人在线
动作
策略
大型多人在线角色扮演
沙盒
角色自定义
架空历史
免费开玩
战争
战争游戏
角色扮演
开放世界
剑术
即时战略
战术
第三人称
团队导向
动作角色扮演",来《战意》实现你的将军梦！和全世界的玩家一起，鏖战15v15史诗攻城大战，和盟友在大世界攻城掠地，您的兵团已经整装待发，静听号令！,2020 年 4 月 5 日,Booming Tech,940.0,褒贬不一,237,64.0,褒贬不一,29798,69.0
https://store.steampowered.com/app/513710/,513710,人渣,"生存
开放世界生存制作
多人
开放世界
僵尸
裸露
大型多人在线
动作
拟真
冒险
抢先体验
制作
单人
第一人称射击
暴力
玩家对战
血腥
第三人称
独立
角色扮演",穿越残酷的环境，掠夺、制作，躲避无穷无尽的生命威胁。史无前例的角色定制细节和发展水平是您求得生存的终极工具。,2018 年 8 月 29 日,Gamepires,15.0,褒贬不一,780,68.0,多半好评,81216,74.0
https://store.steampowered.com/app/1142710/,1142710,Total War: WARHAMMER III,"策略
回合战略
大战略
即时战略
奇幻
即时战术
黑暗奇幻
战争
动作
战术
氛围
矮人
游戏工坊
多人
彩色
玩家对战
合作
单人
剧情丰富
在线合作",《Total War: WARHAMMER》三部曲的终末已经到来。集结你的军力，踏入混沌魔域！在这个变幻莫测的恐怖维度中，世界的命运将尘埃落定。于是你会诛灭那些恶魔…还是转而驾驭他们呢？,2022 年 2 月 16 日,CREATIVE ASSEMBLY,0,多半好评,948,78.0,褒贬不一,68595,62.0
https://store.steampowered.com/app/552990/,552990,World of Warships,"海战
免费开玩
海军
二战
大型多人在线
动作
多人
战术
玩家对战
历史
军事
在线合作
团队导向
拟真
射击
模拟
玩家对战环境
第三人称射击
战争
合作",投身惊心动魄的海战，在超过600艘来自20世纪上半叶的战舰中组建您的舰队——从隐蔽的驱逐舰到巨型战列舰。变换您的战舰外观并选择适合您游戏风格的升级品，与其他玩家在战斗中并肩作战！,2017 年 11 月 15 日,Wargaming Group Limited,0,特别好评,1030,81.0,多半好评,137843,77.0
https://store.steampowered.com/app/949230/,949230,Cities: Skylines II,"模拟
城市营造
建造
单人
沙盒
管理
经济
策略
拟真
可模组化
放松
资源管理
休闲
交通运输
氛围
多人
抢先体验
开放世界
好评原声音轨
模组",通过有史以来最逼真的城市建造游戏，从头开始建设一座城市，并将其转变为繁荣的大都市。以前所未有的庞大规模进行建造，您的创意和问题解决能力都将面临全新层次的考验。利用深度模拟与生动运转的经济系统，您将能毫不设限地打造自己的世界。,2023 年 10 月 24 日,Colossal Order Ltd.,80.0,多半差评,2519,28.0,褒贬不一,37126,54.0
https://store.steampowered.com/app/2349820/,2349820,英勇之地,"生存
开放世界
免费开玩
玩家对战
大型多人在线角色扮演
多人在线战术竞技
探索
2D 平台
电脑角色扮演
战术角色扮演
轻度 Rogue
动作角色扮演
动作冒险
角色扮演
钓鱼
俯视
可爱
动作
风格化
建造",《英勇之地》是一款结合了肉鸽元素的多人对抗PVPVE游戏，活下去是第一要义，一旦死亡可能损失惨重！勇士们在怪物横行的地图猎取武器和装备，越危险的地方奖励越丰厚。身怀宝藏行走四方的你，还需要提防其他虎视眈眈的玩家。在战斗中不断变强吧，看谁能活到最后！,2023 年 5 月 17 日,钢之直男工作室,0,多半好评,3659,72.0,褒贬不一,35483,57.0
https://store.steampowered.com/app/270880/,270880,American Truck Simulator,"汽车模拟
驾驶
开放世界
交通运输
模拟
美国
拟真
可模组化
放松
探索
经济
管理
氛围
沉浸式模拟
多人
单人
冒险
休闲
阖家
关卡编辑",驾驶传奇的美国卡车，在阳光明媚的加利福尼亚州、布满沙子的内华达州，以及被称为“大峡谷之州”的亚利桑那州各地运送各种货物。美洲卡车模拟带你来一场穿越各州震撼景致与著名地标的旅程。,2016 年 2 月 2 日,SCS Software,988.0,好评如潮,1576,97.0,好评如潮,120535,97.0
https://store.steampowered.com/app/2321470/,2321470,深岩银河：幸存者,"矮人
动作类 Rogue
弹幕射击
俯视射击
轻度 Rogue
玩家对战环境
竞技场射击
程序生成
动作
街机
俯视
科幻
太空
竞分
外星人
氛围
单人
战斗
抢先体验
黑暗",《深岩银河：幸存者》是一款类幸存者游戏。利用深岩银河集团的各式武器，抵御成群的致命虫群，挖掘财宝，解锁强力升级。以一矮人之力，对抗整个霍克斯星球！,2024 年 2 月 14 日,Funday Games,64.0,特别好评,4646,86.0,特别好评,19846,85.0
https://store.steampowered.com/app/105600/,105600,Terraria,"开放世界生存制作
沙盒
生存
2D
多人
冒险
像素图形
制作
建造
探索
合作
开放世界
在线合作
独立
动作
角色扮演
单人
重玩价值
平台游戏
氛围",挖掘，战斗，探索，建造！在这个动感十足的冒险游戏里没有什么是不可能的。四人包依然可用！,2011 年 5 月 16 日,Re-Logic,44.0,好评如潮,10791,96.0,好评如潮,1012143,97.0
https://store.steampowered.com/app/289070/,289070,Sid Meier’s Civilization® VI,"策略
回合战略
多人
历史
单人
大战略
回合制
4X
战争
模拟
城市营造
战术
建造
管理
好评原声音轨
可模组化
在线合作
合作
六角格棋盘
氛围",《文明VI》是屡获殊荣的《文明》系列的最新作品。扩张疆域，发展文化，并与历史上最伟大的领袖正面交锋。你的文明是否能经得起时间的考验？,2016 年 10 月 20 日,Firaxis Games,812.0,特别好评,2870,90.0,特别好评,220735,86.0
https://store.steampowered.com/app/281990/,281990,Stellaris,"太空
大战略
策略
科幻
4X
探索
沙盒
模拟
多人
单人
即时含暂停
可模组化
外交
管理
未来
军事
重玩价值
程序生成
好评原声音轨
氛围",在这款由Paradox Development Studio精心打造的科幻大型战略游戏中，探索充满奇迹的浩瀚银河。与千奇百怪的外星种族互动、发现奇异新世界并体验其中令人意想不到的事件，同时扩大您帝国的影响力。每一场新的冒险皆拥有几乎无穷无尽的可能性。,2016 年 5 月 9 日,Paradox Development Studio,0,多半好评,1020,71.0,特别好评,114363,88.0
https://store.steampowered.com/app/427520/,427520,Factorio,"自动化
基地建设
资源管理
沙盒
制作
策略
多人
生存
管理
开放世界
建造
合作
2D
可模组化
单人
火车
模拟
像素图形
城市营造
独立",「异星工厂」Factorio 是一款2D生产建设模拟游戏，在这里你需要设计并建设出不同的自动生产流水线，不断生产出愈加复杂的工业品。尽情开动你的想象力，将传送带、机械臂、组装机等简单的设备精密结合，创造出属于你自己的自动化流水生产建筑群。同时别忘了在异星虫子的威胁下保护好你的工业帝国。,2020 年 8 月 14 日,Wube Software LTD.,28.0,好评如潮,1243,97.0,好评如潮,143897,97.0
https://store.steampowered.com/app/1943950/,1943950,Escape the Backrooms,"恐怖
多人
在线合作
心理恐怖
合作
生存恐怖
第一人称
探索
冒险
虚拟现实
动作
独立
密室逃脱
抢先体验
3D
单人
动作冒险
休闲
潜行
迷宫探索",Escape the Backrooms 是一款1-4人合作的恐怖探索游戏。 穿越阴森恐怖的密室关卡，同时避开实体和其他危险，试图逃脱。 免费的内容更新，包括新的关卡和游戏模式，使社区得到回报。,2022 年 8 月 11 日,Fancy Games,37.0,特别好评,3314,92.0,特别好评,54352,91.0
https://store.steampowered.com/app/291550/,291550,Brawlhalla,"免费开玩
多人
格斗
2D 格斗
休闲
2D 平台
本地多人
合作
控制器
动作
平台游戏
奇幻
在线合作
本地合作
阖家
4 人本地
卡通风格
电竞
单人
独立","An epic platform fighter for up to 8 players online or local. Try casual free-for-alls, ranked matches, or invite friends to a private room. And it's free! Play cross-platform with millions of players on PlayStation, Xbox, Nintendo Switch, iOS, Android & Steam! Frequent updates. Over fifty Legends.",2017 年 10 月 17 日,Blue Mammoth Games,764.0,多半好评,3681,73.0,特别好评,359806,82.0
https://store.steampowered.com/app/958260/,958260,DEAD OR ALIVE Xtreme Venus Vacation,"色情内容
成人
动漫色情
免费开玩
工作场所不宜
女性主角
第一人称
3D
动漫
动作
可爱
恋爱模拟
体育
单人
休闲
开放世界
角色自定义
多人
角色扮演
模拟",光荣特库摩的『DEAD OR ALIVE Xtreme Venus Vacation』让玩家扮演「维纳斯群岛」的岛主，协助『DEAD OR ALIVE』系列的女孩们在美丽与强劲的祭典—「维纳斯挑战赛」中获胜，并与女孩们共谱美好回忆。,2019 年 3 月 25 日,"KOEI TECMO GAMES CO., LTD.",0,特别好评,265,89.0,特别好评,26477,82.0
https://store.steampowered.com/app/346110/,346110,ARK: Survival Evolved,"开放世界生存制作
生存
多人
开放世界
恐龙
制作
建造
冒险
基地建设
合作
动作
第一人称
沙盒
大型多人在线
单人
抢先体验
角色扮演
龙
科幻
独立",由虚幻4引擎打造的一款多人在线生存竞技网游，在一个超高自由度的开放世界里，可以体验采集、制造、打猎、收获、建造、研究以及驯服恐龙等超多自由内容，感受酷热白昼、冰冷夜晚的动态天气系统以及饥饿口渴等现实中的生存挑战，还要面对其它生存者的威胁，合作生存还是竞技厮杀，由你决定！,2017 年 8 月 27 日,Studio Wildcard,378.0,特别好评,2891,90.0,特别好评,515154,83.0
https://store.steampowered.com/app/1268590/,1268590,Millennia,"策略
4X
回合战略
大战略
架空历史
模拟
回合制
历史
战争
经济
外交
单人
战术
重玩价值
军事
政治性
管理
六角格棋盘
回合制战斗
多人",在《Millennia》中打造独属于你自己的国家吧。这是一款历史题材的回合制4X游戏，你将在横跨万年的历史中挑战自己的战略才能，以人类的黎明为始，一路走向无尽的未来。,2024 年 3 月 26 日,C Prompt Games,298.0,褒贬不一,1552,66.0,褒贬不一,1552,66.0
https://store.steampowered.com/app/850190/,850190,Goat Simulator 3,"探索
物理
沙盒
角色自定义
模拟
动作冒险
3D
休闲
开放世界
卡通风格
冒险
喜剧
彩色
阖家
合作
本地合作
多人
在线合作
单人
本地多人",Pilgor重出江湖 召集伙伴一起进入《Goat Simulator 3》的世界，在极具真实感的农场沙盒场景中体验一场全新冒险（至少在Steam上是这样）。你最多可邀请三位好友进行本地游戏或线上合作，既可组队厮杀，也能在小游戏中拼个你死我活，当然，恐怕从此连朋友都没得做。,2024 年 2 月 15 日,Coffee Stain North,52.0,好评如潮,507,97.0,好评如潮,1598,97.0
https://store.steampowered.com/app/1850570/,1850570,DEATH STRANDING DIRECTOR'S CUT,"剧情丰富
开放世界
步行模拟
氛围
冒险
探索
好评原声音轨
单人
动作
后末日
电影式
第三人称
科幻
恐怖
动作冒险
放松
多人
战斗
第三人称射击
潜行",知名游戏制作人小岛秀夫为大家带来了一种颠覆传统的体验，现在这种体验在此导演剪辑版的最终版本中加以扩展。玩家将扮演山姆·布里奇斯（Sam Bridges），你的任务就是将这残破的美国中最后的幸存者们联合起来，为人类带来希望。你能一步一步地将这破碎的世界重新连接起来吗？,2022 年 3 月 30 日,KOJIMA PRODUCTIONS,198.0,特别好评,656,90.0,特别好评,19127,93.0
https://store.steampowered.com/app/2786680/,2786680,美女，请别影响我学习,"恋爱模拟
单人
全动态影像
视觉小说
爱情
第一人称
多结局
色情内容
选择取向
互动小说
剧情丰富
沉浸式模拟
角色扮演
女性主角
情感
自选历险体验
多人
剧情
模拟
放松",阴差阳错之下成为“女子大学唯一男生”的你，即将以第一视角开启一段甜蜜与欢笑交织的校园恋爱之旅！元气少女、温柔甜妹、俏皮洋妞、知性校医、傲娇学姐、酷飒太妹，各类美女的轮番攻势下，你将如何喊出“美女！请别影响我学习！”书写下属于你的女校传说！,2024 年 3 月 28 日,蒸汽满满工作室,36.0,好评如潮,2666,97.0,好评如潮,2666,97.0
https://store.steampowered.com/app/1260320/,1260320,猛兽派对,"休闲
多人
欢乐
可爱
社交聚会游戏
动作
格斗
玩家对战
合作
社交聚会
阖家
在线合作
物理
3D 格斗
本地多人
4 人本地
独立
团队导向
本地合作
动作冒险",这是一款基于物理的多人派对游戏。选择你喜欢的小动物角色，和朋友们一起挑战其他玩家，或者展开激烈的对决吧！看到毛绒绒的小动物们你还不心动吗？,2023 年 9 月 20 日,Recreate Games,49.0,特别好评,1169,87.0,多半好评,33273,76.0
https://store.steampowered.com/app/1466860/,1466860,Age of Empires IV: Anniversary Edition,"策略
即时战略
基地建设
战争
多人
单人
中世纪
资源管理
城市营造
历史
动作即时战略
玩家对战
玩家对战环境
合作
3D
等角视角
管理
开放世界
在线合作
成人",最受欢迎的即时战略游戏之一将随《帝国时代 IV》荣耀回归，让您置身于塑造现代世界的史诗般历史战役的中心。,2021 年 10 月 28 日,Relic Entertainment,139.0,特别好评,1002,87.0,特别好评,49703,87.0
https://store.steampowered.com/app/1435790/,1435790,密室逃脱模拟器,"解谜
合作
密室逃脱
多人
第一人称
冒险
控制器
悬疑
休闲
阖家
独立
单人
在线合作
模拟
剧情丰富
指向点击
关卡编辑
调查
探索
3D",密室逃脱模拟器是一款第一人称解谜游戏。你可以单人游玩，或是线上多人合作（最好是2～3人，但是多一些人也无妨）。探索一个接着一个的交互式密室。你可以移动家具、打碎各种瓶子、解开各种锁、把你所能看到的东西全部捡起来仔细查看！也支持社区利用关卡编辑器制作的各种密室。,2021 年 10 月 19 日,Pine Studio,25.0,特别好评,269,91.0,特别好评,12154,94.0
https://store.steampowered.com/app/1517290/,1517290,战地风云™ 2042,"第一人称射击
射击
军事
多人
战争
动作
第一人称
战斗
团队导向
玩家对战
单人
未来
车辆作战
现代
破坏
物理
电影式
冒险
英雄射击
休闲",在第 7 赛季：转折点中背水一战。《战地风云™ 2042》是一款第一人称射击游戏，标志着该系列最具代表性的全面战争玩法再次回归。,2021 年 11 月 19 日,DICE,276.0,褒贬不一,5684,58.0,褒贬不一,197151,45.0
https://store.steampowered.com/app/1476970/,1476970,IdleOn - 放置类MMO,"懒人游戏
管理
像素图形
大型多人在线角色扮演
角色扮演
制作
点击游戏
资源管理
沙盒
免费开玩
多人
大型多人在线
独立
休闲
模拟
抢先体验
角色自定义
老式
玩家对战环境
动漫",唯一一款当你离开了之后，你的人物还在继续练级的RPG游戏！用独有的职业和技能树搭配来打造你的角色，花费战利品来获取更强大的力量！击败世界Boss还可解锁新特性 -- IdleOn 越玩越复杂！,2021 年 4 月 2 日,Lavaflame2,0,多半好评,364,77.0,多半好评,16215,78.0
https://store.steampowered.com/app/2427700/,2427700,背包乱斗：福西法的宝藏 Backpack Battles,"抢先体验
自走棋
库存管理
策略
玩家对战
多人
牌组构建式类 Rogue
异步多人
独立
战术
卡牌战斗
战斗
刷宝
回合制
重玩价值
类 Rogue
2D
可爱
手绘
温馨惬意",一款需要背包管理的自走棋游戏！购买稀有装备搭配出强力组合，然后去和其他玩家一较高下！,2024 年 3 月 8 日,PlayWithFurcifer,64.0,特别好评,7013,92.0,特别好评,7013,92.0
https://store.steampowered.com/app/2287220/,2287220,F1® Manager 2023,"模拟
策略
体育
汽车模拟
沉浸式模拟
时间管理
3D
拟真
管理
驾驶
经济
阖家
竞速
战术
基地建设
选择取向
玩家对战环境
资源管理
团队导向
单人",《F1®车队经理2023》的全新赛季将带您走进Formula 1®那紧张刺激的赛车运动世界。23场比赛、六轮F1®冲刺赛、全新的赛车、包括拉斯维加斯街道赛道在内的全新赛道、全新的车手、全新的挑战……您的成名之旅从这里展开。,2023 年 7 月 31 日,Frontier Developments,60.0,特别好评,190,87.0,多半好评,1692,78.0
https://store.steampowered.com/app/1726130/,1726130,无径之林,"开放世界
沙盒
制作
生存
模拟
农场模拟
城市营造
建造
基地建设
3D
彩色
可爱
探索
资源管理
独立
抢先体验
角色扮演
冒险
策略
农业",欢迎来到《无径之林》的世界，这是一款高自由度的新国风生存游戏。你将置身于一片广袤的未知大陆，可以耕田、烹饪、制药、建造、享受田园情趣，探索这片土地的未知奥秘，抓住机遇、直面危险。目前游戏支持4人联机模式，与好友共赴无径之林，共建开放世界，开启探险之旅！,2024 年 4 月 2 日,AniYa Games Studio,65.0,特别好评,158,80.0,特别好评,158,80.0
https://store.steampowered.com/app/261550/,261550,Mount & Blade II: Bannerlord,"中世纪
策略
开放世界
角色扮演
战争
沙盒
多人
单人
动作
角色自定义
模拟
可模组化
冒险
马匹
拟真
第三人称
第一人称
历史
好评原声音轨
抢先体验",一个策略/动作类角色扮演游戏。创建一个角色，投身中世纪战场，从事外交、锻造、贸易和征服新的土地。集结你的军团奔赴战场，在大规模实时战斗中体验深奥但又直观的基于技能的战斗系统，与你忠诚的战士们并肩作战、取得胜利。,2022 年 10 月 25 日,TaleWorlds Entertainment,88.0,特别好评,1823,86.0,特别好评,187905,88.0
https://store.steampowered.com/app/813780/,813780,Age of Empires II: Definitive Edition,"策略
即时战略
城市营造
多人
基地建设
历史
单人
中世纪
资源管理
经典
战术
即时
合作
重制
等角视角
2D
重玩价值
动作
冒险
好评原声音轨",有史以来最受欢迎的战略游戏之一迎来 20 周年，为此我们推出了《帝国时代 II：决定版》。本作拥有惊人的 4K 超高画质，全面重制的新原声音乐，以及内含 3 个新战役和 4 个新文明的内容：《最后的可汗》。常态更新项目包括活动、添加内容、新游戏模式，以及随近期上线的合作模式所带来的增强功能！,2019 年 11 月 14 日,Forgotten Empires,474.0,特别好评,1587,93.0,特别好评,124985,94.0
https://store.steampowered.com/app/1210320/,1210320,药剂工艺：炼金模拟器,"制作
单人
放松
模拟
中世纪
管理
独立
2D
角色扮演
生活模拟
沙盒
手绘
休闲
资源管理
农场模拟
选择取向
指向点击
贸易
历史
资本主义",在《药剂工艺：炼金模拟器》中，你将扮演一个炼金术士，并使用各种工具和原料来调制药剂。你将掌控药剂商店的方方面面：发明新配方、吸引顾客、并尽情地做实验。不过请记住：整个小镇都指望着你。,2022 年 12 月 13 日,niceplay games,123.0,特别好评,302,84.0,特别好评,24866,92.0
https://store.steampowered.com/app/1407200/,1407200,World of Tanks,"坦克
免费开玩
动作
军事
玩家对战
车辆作战
多人
团队导向
战术
大型多人在线
战争
历史
二战
模拟
合作
拟真
射击
第三人称
第三人称射击
玩家对战环境",加入免费畅玩的团队射击游戏，拥有不断更新的历史战车库、令人惊叹的游戏画面、壮阔的战场景观和恢弘的交响配乐。在紧张刺激的PvP对战中战胜其他玩家，展示您的精湛技术。领略策略性和动作性并存的独特魅力！,2021 年 4 月 28 日,Wargaming Group Limited,381.0,特别好评,1042,80.0,特别好评,75174,85.0
https://store.steampowered.com/app/1304930/,1304930,The Outlast Trials,"恐怖
多人
合作
生存恐怖
心理恐怖
第一人称
玩家对战环境
角色自定义
潜行
动作冒险
动作
生存
黑色幽默
架空历史
黑暗
拟真
氛围
科学
冒险
管理","Red Barrels invites you to experience mind-numbing terror, this time with friends. Whether you go through the trials alone or in teams, if you survive long enough and complete the therapy, Murkoff will happily let you leave… but will you be the same?",2024 年 3 月 5 日,Red Barrels,76.0,特别好评,1624,91.0,特别好评,40363,93.0
https://store.steampowered.com/app/1384160/,1384160,GUILTY GEAR -STRIVE-,"格斗
2D 格斗
好评原声音轨
动漫
玩家对战
2.5D
街机
故事架构丰富 
动作
2D
多人
剧情丰富
3D
本地多人
奇幻
战斗
电影式
剧情
休闲
LGBTQ+",仿佛似手画2D动画的华丽表现，更加以进化升华。彻底的讲究终极的美丽，为您呈现最先端，最新时代映像的格斗游戏！,2021 年 6 月 11 日,Arc System Works,0,特别好评,965,94.0,特别好评,33638,91.0
https://store.steampowered.com/app/257510/,257510,塔罗斯的法则,"解谜
哲理
第一人称
科幻
氛围
剧情丰富
单人
好评原声音轨
机器人
冒险
探索
独立
多结局
困难
悬疑
后末日
动作
模拟
科学
人工智能",《塔罗斯的法则》是一款第一人称解谜游戏，它来自打造出《英雄萨姆》系列游戏的CROTEAM，并且由Tom Jubert (FTL《超越光速》，The Swapper《交易者》) 以及Jonas Kyratzes (The Sea Will Claim Everything)联合创作。,2014 年 12 月 11 日,Croteam,15.0,特别好评,216,93.0,好评如潮,26039,95.0
https://store.steampowered.com/app/1123770/,1123770,Curse of the Dead Gods,"动作类 Rogue
等角视角
黑暗奇幻
困难
动作
轻度 Rogue
格斗
类 Rogue
类魂系列
迷宫探索
冒险
单人
独立
探索
即时
好评原声音轨
3D
卡通风格
奇幻
恐怖",你探求数不胜数的财富、追寻永生、追求神力——所有的一切都指向了这座被诅咒的神庙。这个似乎无穷无尽的深渊迷宫，充斥着致命的陷阱和怪兽。,2021 年 2 月 23 日,Passtech Games,34.0,特别好评,55,85.0,特别好评,6523,85.0
https://store.steampowered.com/app/767560/,767560,War Robots,"免费开玩
机器人
多人
动作
射击
机甲
第一人称射击
玩家对战
控制器
大型多人在线
战争
第一人称
第三人称射击
第三人称
合作
策略
单人
虚拟现实
角色扮演
大型多人在线角色扮演",《War Robots》是在线三人 6v6 Pvp 射击游戏，在其中有数十种战斗机器人，数百种武器组合，以及白热 化的派系战斗。,2018 年 4 月 5 日,MY.GAMES HOLDINGS LTD,0,褒贬不一,392,61.0,褒贬不一,21668,61.0
https://store.steampowered.com/app/1634860/,1634860,小飞船大冒险 Minishoot' Adventures,"探索
双摇杆射击
类银河战士恶魔城
弹幕射击
角色扮演
冒险
俯视
休闲
可爱
2D
非线性
彩色
极简主义
俯视射击
开放世界
射击
动作
复古
清版射击
奇幻",飞进手工打造的迷人世界，开始一场开放式探索和爽快双摇杆射击动作的冒险。从光亮的地上世界一路杀到最幽深的洞穴，改良你的飞船，击败地下城中的首领，救出自己的朋友！,2024 年 4 月 2 日,SoulGame Studio,126.0,特别好评,405,95.0,特别好评,405,95.0
https://store.steampowered.com/app/2357570/,2357570,《守望先锋® 2》,"英雄射击
免费开玩
第一人称射击
多人
团队导向
玩家对战
第一人称
射击
黑色幽默
动作
竞技
合作
玩家对战环境
反乌托邦
电影式
科幻
故事架构丰富 
休闲
多人在线战术竞技
阖家",《守望先锋》“归来”是一款广受好评的团队射击游戏，舞台设定在光明的未来，有着不断进化的英雄阵容。现在就与好友组队畅玩吧！,2023 年 8 月 10 日,"Blizzard Entertainment, Inc.",359.0,多半差评,8254,36.0,差评如潮,254422,17.0
https://store.steampowered.com/app/255710/,255710,Cities: Skylines,"城市营造
模拟
建造
管理
策略
沙盒
单人
可模组化
经济
资源管理
模组
拟真
重玩价值
休闲
现代
即时含暂停
阖家
好评原声音轨
欢乐
动作",《城市：天际线》是对经典城市模拟类游戏的现代演绎。该游戏引入了全新的游戏玩法元素，让玩家切身体会到创造和维持一座真正城市的兴奋和艰辛，同时扩展了城市建设体验中的一些经久不衰的主题。,2015 年 3 月 10 日,Colossal Order Ltd.,0,特别好评,1156,91.0,特别好评,188391,93.0
https://store.steampowered.com/app/322330/,322330,饥荒联机版,"生存
开放世界生存制作
多人
合作
开放世界
冒险
制作
在线合作
沙盒
困难
独立
2D
氛围
欢乐
生存恐怖
策略
恐怖
单人
动作
类 Rogue",在绝不妥协的荒野生存游戏《饥荒》的多人联机版中一起战斗、耕种、建设和探索吧。,2016 年 4 月 21 日,Klei Entertainment,651.0,特别好评,3108,94.0,好评如潮,304203,95.0
https://store.steampowered.com/app/730/,730,Counter-Strike 2,"第一人称射击
射击
多人
竞技
动作
团队导向
电竞
战术
第一人称
玩家对战
在线合作
合作
策略
军事
战争
困难
贸易
拟真
快节奏
可模组化",二十多年来，在全球数百万玩家的共同铸就下，Counter-Strike 提供了精湛绝伦的竞技体验。而如今，CS 传奇的下一章即将揭开序幕，那就是 Counter-Strike 2。,2017 年 9 月 15 日,Valve,103.0,多半好评,66217,77.0,特别好评,7986682,87.0,
https://store.steampowered.com/app/578080/,578080,PUBG: BATTLEGROUNDS,"生存
射击
大逃杀
多人
第一人称射击
玩家对战
第三人称射击
动作
在线合作
战术
合作
第一人称
策略
抢先体验
竞技
第三人称
团队导向
困难
模拟
潜行",免费游玩《PUBG绝地求生》。 选取最佳战略位置着陆，搜寻武器和补给，并成为最后的幸存者小队，屹立于千变万化的战场之上。 组队加入战场，体验原汁原味的战术竞技，尽在《PUBG绝地求生》。,2017 年 12 月 21 日,"KRAFTON, Inc.",0.0,褒贬不一,21270,69.0,褒贬不一,2336345,58.0,
https://store.steampowered.com/app/703080/,703080,动物园之星,"管理
模拟
建造
沙盒
自然
城市营造
经济
拟真
单人
阖家
可爱
资源管理
策略
好评原声音轨
多人
放松
开放世界
休闲
欢乐
马匹",在《动物园之星》中打造一个野生动物世界。由《过山车之星》(Planet Coaster) 和《动物园大亨》(Zoo Tycoon) 的开发者团队制作，将为你带来极致的动物园模拟游戏体验。建造精细的动物栖息地、管理动物园，并见识栩栩如生、能够思考且富有感情的动物探索你打造的世界。,2019 年 11 月 5 日,Frontier Developments,41.0,特别好评,670,91.0,特别好评,64957,90.0,
https://store.steampowered.com/app/359550/,359550,Tom Clancy's Rainbow Six® Siege,"第一人称射击
玩家对战
电竞
多人
战术
射击
竞技
在线合作
动作
英雄射击
团队导向
军事
策略
战争
第一人称
拟真
合作
破坏
困难
3D",《彩虹六号®：围攻》是一款精英团队战术射击游戏，高超的策略和行动力是制胜关键。,2015 年 12 月 1 日,Ubisoft Montreal,130.0,多半好评,23252,78.0,特别好评,1072504,85.0,
https://store.steampowered.com/app/2399830/,2399830,方舟: 生存飞升,"抢先体验
生存
开放世界
恐龙
冒险
多人
建造
动作
制作
基地建设
沙盒
角色自定义
玩家对战
玩家对战环境
单人
大型多人在线
库存管理
角色扮演
科幻
奇幻","《方舟》采用虚幻引擎 5 重新设计，并融入了下一代电子游戏技术！组建一个部落, 驯养和繁殖数百种恐龙和其他原始生物，探索、制作、建造，并一路进发至食物链的顶端. 快来加入这场新的冒险吧!",2023 年 10 月 25 日,Studio Wildcard,378.0,褒贬不一,2956,58.0,褒贬不一,44411,58.0,
https://store.steampowered.com/app/1623730/,1623730,Palworld / 幻兽帕鲁,"多人
开放世界
生存
生物收集
开放世界生存制作
制作
合作
冒险
沙盒
第三人称射击
自动化
动作
抢先体验
角色扮演
动漫
玩家对战环境
3D
独立
刷宝射击游戏
砍杀",在广阔的世界中收集神奇的生物“帕鲁”，派他们进行战斗、建造、做农活，工业生产等，这是一款支持多人游戏模式的全新开放世界生存制作游戏。,2024 年 1 月 18 日,Pocketpair,26.0,特别好评,11695,90.0,特别好评,251078,93.0,
https://store.steampowered.com/app/1244460/,1244460,侏罗纪世界：进化 2,"恐龙
建造
模拟
管理
沙盒
策略
单人
城市营造
经济
科幻
资源管理
开放世界
暴力
氛围
续作
动作
生存
多人
基地建设
休闲",《侏罗纪世界：进化 2》是 Frontier 成就非凡的游戏《侏罗纪世界：进化》的续作，备受玩家期待。作为《侏罗纪世界：进化》游戏系列的全新的冒险纪元，本作以 2018 年极富开创性且充满沉浸感的管理模拟架构为基础进行开发。,2021 年 11 月 9 日,Frontier Developments,37.0,特别好评,635,91.0,特别好评,21272,88.0,
https://store.steampowered.com/app/2835570/,2835570,恶魔轮盘,"黑暗
3D
恐怖
第一人称
心理
试验性
单人
解谜
独立
动作
类 Rogue
策略
模拟
赌博
超现实
轻度 Rogue
多人
心理恐怖
鲜血
第一人称射击",用 12 号口径霰弹枪玩俄罗斯轮盘。两人进入。一人离开。用你的性命搏一把运气。祝你好运。,2024 年 4 月 4 日,Mike Klubnika,86.0,好评如潮,4113,96.0,好评如潮,4113,96.0,
https://store.steampowered.com/app/236390/,236390,War Thunder,"免费开玩
车辆作战
战斗
二战
虚拟现实
飞行
战争
军事
坦克
海战
模拟
现代
大型多人在线
冷战
动作
拟真
射击
多人
第三人称射击
第三人称",War Thunder上最全面的免费、跨平台大型多人在线军事类游戏，专注于二战和冷战时期的航空、装甲车辆和海军舰艇。现在就加入进来参与在地面、天空和海洋进行的主要战事，并和来自全球各地的几百万玩家们在不断变化的环境中战斗。,2013 年 8 月 15 日,Gaijin Entertainment,0.0,多半好评,10691,77.0,多半好评,476302,75.0,
https://store.steampowered.com/app/2670630/,2670630,Supermarket Simulator,"模拟
经济
管理
沉浸式模拟
单人
贸易
生活模拟
建造
第一人称
资本主义
多人
沙盒
3D
休闲
资源管理
拟真
独立
驾驶
库存管理
抢先体验",经营自己的超市。摆放货架、按自己的喜好设定价格、接受付款、雇佣员工、扩建和设计店铺。即将推出在线订单和送货、商店盗窃、安全、本地市场等功能。,2024 年 2 月 20 日,Nokta Games,52.0,特别好评,15005,94.0,特别好评,21436,94.0,
https://store.steampowered.com/app/1203220/,1203220,永劫无间,"大逃杀
多人
武术
玩家对战
动作
女性主角
格斗
大型多人在线
第三人称
生存
角色自定义
砍杀
剑术
动漫
跑酷
冒险
成人
免费开玩
暴力
血腥",风靡全球的多人动作竞技大作，现已永久免费！来这里舞利刃、端火枪，享受远近结合的华丽战斗！驾驭风沙、机甲，化身野兽、大佛，体验风格迥异的英雄能力！在这场60人生存竞技中成为最后的赢家！,2021 年 8 月 11 日,24 Entertainment,645.0,多半好评,7582,77.0,多半好评,213381,75.0,
https://store.steampowered.com/app/2195250/,2195250,EA SPORTS FC™ 24,"足球
体育
控制器
多人
玩家对战
电竞
竞技
玩家对战环境
3D
本地多人
模拟
合作
第一人称
拟真
在线合作
单人
本地合作
动作
阖家
抢先体验",兼具由 HyperMotionV 提供技术支持的最真实的足球体验、由 Opta 优化的比赛风格和升级版 Frostbite™ 引擎的《EA SPORTS FC™ 24》邀您投身于这款世界性游戏。,2023 年 9 月 28 日,EA Canada & EA Romania,418.0,褒贬不一,8121,57.0,褒贬不一,50961,55.0,
https://store.steampowered.com/app/2524890/,2524890,Pixel Gun 3D: PC Edition,"玩家对战
像素图形
角色自定义
多人
射击
动作
战斗
第一人称射击
第一人称
竞技场射击
单人
大逃杀
英雄射击
第三人称射击
冒险
故事架构丰富 
狙击手
彩色
体素
卡通风格",《Pixel Gun 3D》 是多彩像素画面的传奇多人第一人称射击游戏的近完整版PC端。在多种游戏模式中作战，解锁地图，收集 1500 多种独特枪支,2024 年 4 月 2 日,Cubic Games Studio,42.0,褒贬不一,9225,58.0,褒贬不一,9225,58.0,
https://store.steampowered.com/app/570/,570,Dota 2,"免费开玩
多人在线战术竞技
多人
策略
电竞
团队导向
竞技
动作
在线合作
玩家对战
困难
合作
即时战略
角色扮演
塔防
奇幻
角色自定义
重玩价值
动作角色扮演
模拟",每一天全球有数百万玩家化为一百余名Dota英雄展开大战。不论是游戏时间刚满10小时还是1000小时，比赛中总能找到新鲜感。定期的更新则保证游戏性、功能和英雄都能持续发展，Dota 2已真正地焕发了生命。,2013 年 7 月 9 日,Valve,37.0,多半好评,25161,79.0,特别好评,2211163,81.0,
https://store.steampowered.com/app/413150/,413150,Stardew Valley,"农场模拟
像素图形
生活模拟
多人
角色扮演
放松
农业
模拟
制作
沙盒
独立
建造
单人
休闲
开放世界
2D
可爱
恋爱模拟
好评原声音轨
钓鱼",你继承了你爷爷在星露谷留下的老旧农场。带着爷爷留下的残旧工具和几枚硬币开始了你的新生活。你能适应这小镇上的生活并且将这个杂草丛生的老旧农场变成一个繁荣的家吗？,2016 年 2 月 26 日,ConcernedApe,21.0,好评如潮,21401,98.0,好评如潮,576229,98.0,
https://store.steampowered.com/app/1085660/,1085660,命运2,"免费开玩
开放世界
第一人称射击
刷宝射击游戏
大型多人在线角色扮演
合作
多人
玩家对战环境
玩家对战
射击
大型多人在线
刷宝
第一人称
科幻
动作
故事架构丰富 
冒险
太空
竞技
氛围",命运2是发生在一个独立进化的世界中的一款免费的大型多人线上动作游戏。你可以在任何时间与任何地点和你的朋友们进行游戏。,2019 年 10 月 1 日,Bungie,0.0,褒贬不一,4101,68.0,特别好评,588244,80.0,
https://store.steampowered.com/app/805550/,805550,神力科莎：竞速 Assetto Corsa Competizione,"竞速
汽车模拟
模拟
多人
虚拟现实
驾驶
拟真
体育
单人
控制器
开放世界
电竞
抢先体验
第一人称
在线合作
竞技
氛围
可模组化
困难
动作",Assetto Corsa Competizione是最新的宝珀GT系列赛官方授权游戏。该作优异的拟真水平能让玩家感受FIA GT3系列赛的独特氛围，游戏内有官方赛车手、车队、车辆与赛道，这些内容将以高水准的精确细节呈现。,2019 年 5 月 29 日,Kunos Simulazioni,68.0,特别好评,549,91.0,特别好评,21277,92.0,
https://store.steampowered.com/app/1203620/,1203620,雾锁王国 (Enshrouded),"开放世界
生存
基地建设
多人
在线合作
制作
动作角色扮演
角色扮演
冒险
建造
探索
单人
抢先体验
奇幻
角色自定义
沙盒
动作
玩家对战环境
3D
独立",你是火焰之子，一个濒死种族最后的希望火苗。苏醒吧，克服腐化一切的迷雾所裹挟的恐怖，重新夺回你的王国所失落的瑰丽。置身于广袤世界，战胜难以想象的强大Boss，修造宏伟厅堂，在这款至多16名玩家的合作类生存动作RPG中开辟属于自己的道路。,2024 年 1 月 24 日,Keen Games GmbH,28.0,特别好评,4934,86.0,特别好评,41821,86.0,
https://store.steampowered.com/app/262060/,262060,Darkest Dungeon®,"回合制战斗
迷宫探索
黑暗奇幻
类 Rogue
角色扮演
洛夫克拉夫特式
困难
回合制
单人
永久死亡
策略
氛围
黑暗
独立
2D
轻度 Rogue
恐怖
哥特
奇幻
Kickstarter",《Darkest Dungeon》是一个极具挑战性的哥特式类 Rogue 回合制 RPG，聚焦冒险的心理压力。招募、训练和领导一队有缺点的英雄，对抗难以想象的恐怖、压力、饥荒、疾病和不断侵蚀的黑暗。当失去了所有的希望，你是否还能将你的英雄团结在一起？,2016 年 1 月 19 日,Red Hook Studios,42.0,特别好评,1299,89.0,特别好评,115904,91.0,
https://store.steampowered.com/app/1778820/,1778820,铁拳8,"格斗
动作
3D 格斗
多人
电竞
本地多人
街机
玩家对战
单人
休闲
竞技
好评原声音轨
困难
角色自定义
动漫
剧情丰富
武术
控制器
色情内容
裸露",3D对战格斗游戏的最高峰「铁拳」系列最新作「铁拳8」 总共32名角色激战。「铁拳」传奇揭开新幕。 系列作史上最强爽快感的战斗。,2024 年 1 月 25 日,Bandai Namco Studios Inc.,344.0,褒贬不一,3030,63.0,特别好评,15985,82.0,
https://store.steampowered.com/app/292030/,292030,巫师 3：狂猎,"开放世界
角色扮演
剧情丰富
氛围
成人
奇幻
冒险
单人
裸露
选择取向
好评原声音轨
第三人称
中世纪
动作
多结局
动作角色扮演
魔法
黑暗奇幻
黑暗
沙盒",您是利维亚的杰洛特，收钱办事的怪物杀手。您可以在眼前这片怪物横行、饱受战火摧残的土地上尽情探索。您手上的委托？追踪预言之子——希里，一件足以改变世界面貌的活生生的武器。,2015 年 5 月 18 日,CD PROJEKT RED,35.0,好评如潮,4755,95.0,好评如潮,701693,96.0,
https://store.steampowered.com/app/1324130/,1324130,Stranded: Alien Dawn,"生存
基地建设
模拟
策略
制作
3D
战斗
破坏
管理
狩猎
殖民模拟
烹饪
选择取向
库存管理
资源管理
科幻
单人
教程
建造
太空",在《滞困：异星黎明》勇闯新世界，在这款行星生存模拟游戏中，您将掌握一个身处困境的小团体的命运。通过扣人心弦且身历其境的策略玩法来打造您的故事：您要做出重要的抉择以保护您的生存者。,2023 年 4 月 25 日,Haemimont Games,52.0,特别好评,222,82.0,特别好评,6842,85.0,
https://store.steampowered.com/app/1106840/,1106840,Hydroneer,"基地建设
采矿
沙盒
自动化
合作
开放世界
欢乐
建造
休闲
资源管理
模拟
独立
多人
单人
冒险
制作
第一人称
策略
分屏
阖家",Hydroneer是一款挖矿和建筑题材的沙盒游戏。挖掘黄金等资源来盈利并发展您的挖矿事业。建造业务基地、锻造武器、垂钓和挖掘深坑！,2020 年 5 月 8 日,Foulball Hangover,58.0,特别好评,394,85.0,特别好评,19354,87.0,
https://store.steampowered.com/app/1409830/,1409830,英灵殿之子 Sons of Valhalla,"策略
角色扮演
动作
中世纪
冒险
开放世界
战争
沙盒
模拟
剧情丰富
生存
黑暗奇幻
城市营造
轻度 Rogue
单人
战术
角色自定义
第三人称
历史
氛围",《英灵殿之子》是一款设定在维京时代的战斗和基地建造游戏。建造堡垒并包围敌人的据点，聚集武士，登上长艇，参与个人战斗，侵袭和征战英格兰。,2024 年 4 月 5 日,Pixel Chest,39.0,褒贬不一,159,55.0,褒贬不一,159,55.0,
https://store.steampowered.com/app/2379780/,2379780,Balatro,"牌组构建式类 Rogue
卡牌游戏
类 Rogue
牌组构建
单人
策略
回合制
卡牌战斗
选择取向
重玩价值
像素图形
轻度 Rogue
休闲
回合战略
困难
2D
模拟
程序生成
放松
街机",Balatro是一场循环不息的扑克之旅。在这款令人陶醉的策略构建游戏中，你将参与到非法牌局，发掘能够改变局势的小丑牌，引爆一系列令人血脉喷张、疯狂迸发的连锁效应。,2024 年 2 月 20 日,LocalThunk,15.0,好评如潮,11391,96.0,好评如潮,24991,97.0,
https://store.steampowered.com/app/275850/,275850,No Man's Sky 无人深空,"开放世界
开放世界生存制作
太空
探索
科幻
生存
程序生成
冒险
第一人称
沙盒
单人
多人
氛围
制作
太空模拟
独立
动作
模拟
第一人称射击
虚拟现实",《无人深空》是一款打破边界的科幻游戏，通过创新的随机生成技术，打造了一个无尽宇宙供玩家自由探索，玩家可以穿越星际、挖掘未知星球、建立基地并与神秘外星生物共生，每个探险家都将书写属于自己的宇宙传奇。,2016 年 8 月 12 日,Hello Games,175.0,特别好评,2709,92.0,多半好评,224759,78.0,
https://store.steampowered.com/app/2338770/,2338770,NBA 2K24,"体育
篮球
模拟
电竞
3D
拟真
管理
沉浸式模拟
玩家对战
角色自定义
控制器
团队导向
贸易
合作
本地合作
本地多人
多人
在线合作
赌博
单人",在《NBA 2K24》中体验篮球文化。在辉煌生涯中畅享篮球的纯粹和无尽的个性化自创球员选项。在梦幻球队中组建你的完美阵容。在快速比赛中与你最喜爱的NBA和WNBA球队同台竞技，感受更为灵敏的游戏响应和更为精细的视觉效果。,2023 年 9 月 7 日,Visual Concepts,118.0,多半差评,3206,38.0,多半差评,21404,25.0,
https://store.steampowered.com/app/2484250/,2484250,星之後裔 : Knights of Veda,"角色扮演
动作
动作角色扮演
横向滚屏
类魂系列
2D
2.5D
黑暗奇幻
黑暗
中世纪
奇幻
玩家对战环境
玩家对战
战斗
剧情丰富
多人
风格化
动漫
在线合作
合作",《星之后裔：Knights of Veda》是一款视觉震撼、故事情节丰富的2D RPG游戏。一场由疯王举行的黑暗仪式所引发的黑暗瘟疫侵袭了弗莱尼斯大陆。只有你和其他吠陀骑士才能让世界重回正轨。,2024 年 4 月 1 日,FLINT,0.0,褒贬不一,2058,40.0,褒贬不一,2058,40.0,
https://store.steampowered.com/app/1627720/,1627720,Lies of P,"类魂系列
动作
黑暗奇幻
探索
动作角色扮演
第三人称
单人
冒险
剧情丰富
黑暗
3D
蒸汽朋克
氛围
角色扮演
选择取向
多结局
暴力
哥特
重玩价值
开放世界",《Lies of P》是一款精彩刺激的魂类游戏，灵感源于《匹诺曹》的故事，风格颠覆原作，游戏设定在“美好时代”的暗黑优雅背景之下。,2023 年 9 月 18 日,NEOWIZ,50.0,特别好评,1305,90.0,特别好评,24804,92.0,
https://store.steampowered.com/app/812140/,812140,Assassin's Creed® Odyssey,"开放世界
角色扮演
历史
单人
动作
暗杀
第三人称
冒险
神话
多结局
潜行
剧情丰富
女性主角
跑酷
探索
选择取向
动作角色扮演
动作冒险
多人
自选历险体验",在《Assassin's Creed® Odyssey》当中主宰自己的命运。 从一名流浪者蜕变成传奇人物，踏上这趟奥德赛之旅，找出你过往的秘密并改变古希腊的命运。,2018 年 10 月 5 日,Ubisoft Quebec,125.0,特别好评,1455,88.0,特别好评,136856,89.0,
https://store.steampowered.com/app/835960/,835960,塔罗斯的法则2,"解谜
第一人称
剧情丰富
平台解谜
科幻
探索
3D 平台
步行模拟
哲理
第三人称
后末日
动作冒险
故事架构丰富 
3D
线性
拟真
逻辑
政治性
科学
悬疑",《塔罗斯的法则2》是激发思考的第一人称解谜游戏，大幅拓展了第一代游戏的哲学主题及令人叹为观止的环境，加入解谜难度越来越高的挑战。,2023 年 11 月 2 日,Croteam,22.0,特别好评,475,94.0,好评如潮,7837,95.0,
https://store.steampowered.com/app/1326470/,1326470,Sons Of The Forest,"生存
开放世界
多人
生存恐怖
合作
基地建设
制作
恐怖
第一人称
探索
建造
冒险
单人
氛围
动作冒险
沙盒
动作
模拟
抢先体验
沉浸式模拟",你被派到了一座孤岛上，寻找一位失踪的亿万富翁，结果却发现自己深陷被食人生物占领的炼狱之地。你需要制作工具和武器、建造房屋，倾尽全力生存下去，无论独自一人还是与朋友一起——一切尽在这款新推出的开放世界恐怖生存模拟游戏中。,2024 年 2 月 22 日,Endnight Games Ltd,108.0,特别好评,6071,88.0,特别好评,168635,86.0,
https://store.steampowered.com/app/2252570/,2252570,Football Manager 2024,"模拟
体育
策略
足球
管理
电竞
即时战术
3D
多人
经济
2D
基于文字
单人
游戏工坊",构建世界级球队，在最负盛名的足球赛事中战胜敌人，称霸赛场。持之以恒，追逐荣耀，进步永不停歇。,2023 年 11 月 6 日,Sports Interactive,298.0,特别好评,635,88.0,特别好评,6360,88.0,
https://store.steampowered.com/app/493340/,493340,过山车之星,"模拟
建造
管理
沙盒
阖家
放松
策略
拟真
欢乐
经济
单人
好评原声音轨
氛围
彩色
第三人称
城市营造
休闲
上帝模拟
3D
第一人称",Planet Coaster® — 过山车公园模拟游戏的明日之光重磅来袭！建造您的过山车公园帝国，为人们带来难以置信的惊奇、欢乐和刺激 — 放飞您的想象力，与世界分享您的成就。,2016 年 11 月 17 日,Frontier Developments,15.0,特别好评,317,91.0,特别好评,51415,91.0,
https://store.steampowered.com/app/1594320/,1594320,工业巨头 (Captain of Industry),"基地建设
自动化
资源管理
模拟
管理
采矿
经济
城市营造
生存
殖民模拟
拟真
策略
交通运输
建造
抢先体验
逻辑
单人
农业
可模组化
3D",带领您的船员们停靠到一个废弃岛屿上！开采原材料，种植粮食，建造工厂，制造产品，研究新技术以及进行贸易，最终成为工业巨头！让您的殖民地保持繁荣昌盛绝非易事。,2022 年 5 月 31 日,MaFi Games,146.97,好评如潮,126,98.0,特别好评,4655,94.0,
https://store.steampowered.com/app/227300/,227300,Euro Truck Simulator 2,"驾驶
交通运输
模拟
开放世界
汽车模拟
拟真
可模组化
放松
探索
沉浸式模拟
经济
管理
氛围
多人
控制器
阖家
第三人称
冒险
休闲
独立",像公路之王一样在欧洲穿行， 将价值不菲的货物完美送抵远方！往返于英国，比利时，德国，意大利，荷兰，波兰等众多城市；您的耐力，技巧，速度都被您发挥到了极致！,2012 年 10 月 18 日,SCS Software,0.0,好评如潮,6879,96.0,好评如潮,554948,97.0,
https://store.steampowered.com/app/440/,440,Team Fortress 2,"免费开玩
英雄射击
多人
第一人称射击
射击
动作
职业导向
团队导向
欢乐
第一人称
在线合作
竞技
卡通风格
贸易
合作
喜剧
机器人
战术
卡通
制作",九种不同的兵种各自具备不同的作战能力和性格，不断更新的游戏模式、地图、装备，当然还有最重要的——头饰！,2007 年 10 月 10 日,Valve,43.0,特别好评,6868,91.0,特别好评,1038295,93.0,
https://store.steampowered.com/app/582010/,582010,Monster Hunter: World,"合作
多人
动作
开放世界
角色扮演
第三人称
角色自定义
冒险
奇幻
困难
动作角色扮演
单人
探索
好评原声音轨
重玩价值
氛围
砍杀
日系角色扮演
类魂系列
大型多人在线角色扮演","新的生命之地。狩猎, 就是本能! 「Monster Hunter: World」中,玩家可以体验终极的狩猎生活,活用新建构的世界中各种各样的地形与生态环境享受狩猎的惊喜与兴奋。",2018 年 8 月 8 日,"CAPCOM Co., Ltd.",0.0,特别好评,4735,91.0,特别好评,259588,88.0,
https://store.steampowered.com/app/526870/,526870,Satisfactory,"基地建设
自动化
开放世界
多人
制作
合作
资源管理
建造
沙盒
探索
冒险
开放世界生存制作
抢先体验
模拟
生存
第一人称
策略
科幻
单人
独立",是一款第一人称开放世界工厂建造游戏，融入探索和战斗等特色元素。玩家可以独自在游戏中展开异星冒险，也可以与好友共同探索外星星球，建造多层工厂，进入传送带天堂！,2020 年 6 月 8 日,Coffee Stain Studios,33.0,特别好评,2205,94.0,好评如潮,134959,97.0,
https://store.steampowered.com/app/1244090/,1244090,Sea of Stars 星之海,"角色扮演
像素图形
回合制战斗
冒险
日系角色扮演
剧情丰富
2D
回合制
单人
复古
奇幻
独立
故事架构丰富 
欢乐
喜剧
探索
彩色
情感
女性主角
Kickstarter",《星之海》是一款向经典致敬的回合制角色扮演游戏。玩家将扮演两位至日之子，集日月之力施展星蚀魔法，以此对抗造物术士的邪恶爪牙。,2023 年 8 月 28 日,Sabotage Studio,22.0,特别好评,290,84.0,特别好评,7254,88.0,
https://store.steampowered.com/app/1158310/,1158310,Crusader Kings III,"策略
中世纪
大战略
模拟
角色扮演
历史
管理
角色自定义
即时战略
生活模拟
沙盒
选择取向
战争
单人
4X
经济
可模组化
政治性
多人
即时含暂停",爱恋、争斗、计谋并成就伟大。在《Crusader Kings III》这款大型战略游戏里决定您的贵族家族的命运。在这个丰富、宏伟的中世纪模拟游戏中，引领您的王朝血脉，死亡只是开始。,2020 年 9 月 1 日,Paradox Development Studio,662.0,特别好评,1199,81.0,特别好评,68527,91.0,
https://store.steampowered.com/app/1222670/,1222670,The Sims™ 4,"生活模拟
建造
角色自定义
爱情
沙盒
多人
模拟
单人
放松
免费开玩
恋爱模拟
休闲
沉浸式模拟
可爱
拟真
欢乐
冒险
阖家
奇幻
卡通风格",在一个无拘无束的虚拟世界中，享受创造和控制人生的奇妙力量。 得到力量和自由，享受快乐，游戏人生！,2014 年 9 月 2 日,Maxis,38.0,特别好评,3461,87.0,特别好评,132339,87.0,
https://store.steampowered.com/app/899770/,899770,Last Epoch,"动作角色扮演
刷宝
砍杀
角色扮演
等角视角
多人
动作
冒险
合作
独立
迷宫探索
俯视
单人
血腥
抢先体验
暴力
奇幻
角色自定义
魔法
大型多人在线角色扮演",揭示过往，重铸未来。在15个精通职业中选择其一，探索危险的地下城，追寻史诗级战利品，打造传奇武器，掌握百余种变形技能树的力量。请尽情体验由狂热的RPG游戏迷团队开发的《最后纪元》。,2024 年 2 月 21 日,Eleventh Hour Games,100.0,多半好评,10633,76.0,多半好评,82318,77.0,
https://store.steampowered.com/app/1940340/,1940340,Darkest Dungeon® II,"回合制战术
轻度 Rogue
迷宫探索
黑暗奇幻
洛夫克拉夫特式
单人
永久死亡
电脑角色扮演
类 Rogue
剧情丰富
回合制
手绘
团队角色扮演
2D
程序生成
哥特
回合制战斗
回合战略
角色扮演
风格化",《暗黑地牢2》是一场有去无回的类Rogue公路旅行。组建一支队伍，武装你的驿站马车，然后策马横穿日益腐朽的大地，去追寻避免末世浩劫的最后一线希望。但是务必当心：最大的威胁，或许正潜藏在你们之中……,2023 年 5 月 8 日,Red Hook Studios,42.0,褒贬不一,329,68.0,多半好评,13597,75.0,
https://store.steampowered.com/app/1566690/,1566690,重装前哨,"机器人
3D
基地建设
塔防
第一人称射击
资源管理
合作
后末日
单人
自动化
科幻
策略
刷宝射击游戏
军事
射击
开放世界
即时战略
生存
制作
动作",指挥自己的移动哨站，手握“溶质枪”深入危机四伏的“天印”监控无人区，收集那些令人惊奇的武器部件，提升火力，与它并肩作战。塔防、FPS、RTS多种玩法融为一体，灵活应对，将袭来的敌军消灭殆尽。 在多人合作模式下，召集伙伴抵御敌人、攻克前方的危机与挑战，从“天印”手中夺回大地！,2024 年 3 月 26 日,Team Ranger,138.0,褒贬不一,6876,63.0,褒贬不一,6876,63.0,
https://store.steampowered.com/app/294100/,294100,RimWorld,"殖民模拟
基地建设
生存
策略
沙盒
管理
建造
模拟
单人
城市营造
可模组化
开放世界
程序生成
2D
科幻
独立
太空
战术角色扮演
西部
卡通风格",由聪明的人工智能故事讲述者驱动的科幻殖民地模拟电脑游戏。通过模拟心理学、生态学、枪战、近战、气候、生物群落、外交、人际关系、艺术、医学、贸易等来生成故事。,2018 年 10 月 17 日,Ludeon Studios,356.0,好评如潮,2184,97.0,好评如潮,153396,98.0,
https://store.steampowered.com/app/1174180/,1174180,Red Dead Redemption 2,"开放世界
剧情丰富
西部
冒险
多人
动作
拟真
单人
射击
氛围
马匹
唯美
成人
第三人称射击
好评原声音轨
第三人称
血腥
沙盒
第一人称
第一人称射击",Red Dead Redemption 2 已荣获超过 175 项年度游戏奖项且获得超过 250 个满分评价，游戏中述说亚瑟·摩根和声名狼藉的范德林德帮派的传奇故事，体验在 19 世纪的最后岁月里横跨美国的亡命之旅。除此之外，还可免费享受 Red Dead 在线模式中与众多玩家共享的逼真世界。,2019 年 12 月 5 日,Rockstar Games,429.0,特别好评,13010,93.0,特别好评,513133,91.0,
https://store.steampowered.com/app/728880/,728880,Overcooked! 2,"多人
在线合作
本地合作
合作
休闲
欢乐
烹饪
独立
4 人本地
本地多人
动作
阖家
可爱
控制器
喜剧
困难
单人
模拟
策略
彩色",Overcooked 回来了，带着全新的烹饪行动！重返洋葱王国，通过经典的本地合作模式或是在线游戏模式组建多达四人的大厨团队。系好你的围裙……是时候（再一次）拯救这个世界了！,2018 年 8 月 7 日,Ghost Town Games Ltd.,15.0,特别好评,1063,89.0,特别好评,43436,90.0,
https://store.steampowered.com/app/1551360/,1551360,极限竞速：地平线 5,"竞速
开放世界
驾驶
多人
汽车模拟
拟真
冒险
模拟
街机
探索
第一人称
氛围
体育
合作
玩家对战
在线合作
单人
唯美
动作
虚拟现实",您的“终极地平线冒险”即将开启！驾驶世界名车，探索墨西哥充满活力的户外景色，享受无拘无束又充满乐趣的驾驶体验。在终极地平线拉力赛中征服富有挑战的塞拉努埃瓦。需拥有《极限竞速：地平线 5》才能体验，扩充内容需另购。,2021 年 11 月 8 日,Playground Games,0.0,特别好评,5100,88.0,特别好评,157177,88.0,
https://store.steampowered.com/app/1172620/,1172620,Sea of Thieves: 2024 Edition,"多人
冒险
开放世界
海盗
合作
在线合作
动作
玩家对战
航海
第一人称
探索
海军
欢乐
玩家对战环境
大型多人在线
氛围
第一人称射击
剑术
好评原声音轨
单人",《Sea of Thieves》是一款十分受欢迎的海盗冒险游戏，带你感受最正宗的海盗生活：寻找遗失的宝藏占为己有，和各方势力战个痛快，打败深海怪物等。深度体验改版之后的游戏，包括数字版奖励内容。,2020 年 6 月 3 日,Rare Ltd,298.0,特别好评,3456,86.0,特别好评,276408,90.0,
https://store.steampowered.com/app/1844380/,1844380,Warhammer Age of Sigmar: Realms of Ruin,"策略
动作
动作即时战略
即时战略
即时战术
奇幻
战争游戏
3D
电影式
风格化
剧情丰富
故事架构丰富 
多人
玩家对战
战术
控制器
战争
战斗
战锤 40K
拟真",在这个以《战锤西格玛时代》宇宙作为背景、撼动诸域的即时战略游戏中踏上征服之路，发起残酷的战役。在剧情战役中率领具有独特风格的四个阵营，投身于各种不同的战役，通过在线多人游戏与远方的军阀战斗，测试自己的勇气。,2023 年 11 月 17 日,Frontier Developments,33.0,褒贬不一,104,46.0,褒贬不一,1182,58.0,
https://store.steampowered.com/app/247080/,247080,Crypt of the NecroDancer,"节奏
类 Rogue
永久死亡
不可思议迷宫
迷宫探索
困难
动作类 Rogue
女性主角
网格导向动作
轻度 Rogue
基于音乐的程序生成
像素图形
2D
砍杀
俯视
程序生成
魔法
角色扮演
奇幻
动作",“节奏地牢是一个屡获殊荣的铁杆roguelike节奏游戏。随着音乐移动，踏着节拍击败敌人！,2015 年 4 月 23 日,Brace Yourself Games,11.0,特别好评,128,91.0,好评如潮,21022,95.0,
https://store.steampowered.com/app/881020/,881020,Granblue Fantasy: Relink,"动漫
动作
日系角色扮演
动作角色扮演
在线合作
奇幻
多人
角色扮演
第三人称
单人
女性主角
华丽格斗
3D
控制器
砍杀
龙
教程
魔法
玩家对战环境
剑术",可4人联机！实打实的ARPG！ 大量动作风格独特的游戏角色将登场。玩家可操作各自的角色接连发动攻击，4人联合发动“连锁攻击”“奥义连锁”，华丽地击溃敌人吧！ 本作除构思巧妙的对战及个性化的养成系统以外，还有可根据玩家技术设置的辅助功能，即便是新手玩家也可轻松上手！ 和朋友一起组队，体验冒险与对战吧！,2024 年 1 月 31 日,"Cygames, Inc.",374.0,特别好评,3687,80.0,特别好评,28549,89.0,
https://store.steampowered.com/app/444200/,444200,坦克世界闪电战,"坦克
免费开玩
射击
第一人称射击
策略
动作
多人
玩家对战
大型多人在线
二战
战争
军事
在线合作
竞技
3D 平台
团队导向
合作
拟真
即时战术
单人",下载World of Tanks Blitz版本更新，击败人类的敌人并夺取海量战利品！,2016 年 11 月 9 日,Wargaming Group Limited,0.0,褒贬不一,1222,64.0,多半好评,138653,79.0,
https://store.steampowered.com/app/739630/,739630,Phasmophobia,"恐怖
在线合作
多人
心理恐怖
合作
虚拟现实
灵异
第一人称
调查
黑暗
恶魔
推理
悬疑
3D
抢先体验
惊悚
独立
动作
战术
单人",Phasmophobia is a 4 player online co-op psychological horror. Paranormal activity is on the rise and it’s up to you and your team to use all the ghost-hunting equipment at your disposal in order to gather as much evidence as you can.,2020 年 9 月 18 日,Kinetic Games,47.0,特别好评,6373,94.0,好评如潮,543617,96.0,
https://store.steampowered.com/app/460930/,460930,Tom Clancy's Ghost Recon® Wildlands,"开放世界
射击
合作
多人
潜行
战术
动作
单人
第三人称射击
军事
第一人称射击
在线合作
第三人称
冒险
生存
策略
沙盒
第一人称
氛围
玩家对战",《Tom Clancy’s Ghost Recon® Wildlands》是大规模、危险及响应式开放世界中的开创性军事射击游戏，你可以进行单人游戏，也可以与四位玩家联合作战。,2017 年 3 月 6 日,Ubisoft Paris,75.0,特别好评,892,81.0,特别好评,71049,80.0,
https://store.steampowered.com/app/392160/,392160,X4: Foundations,"太空模拟
沙盒
程序生成
经济
模拟
探索
飞行
建造
管理
太空
生存
贸易
策略
第一人称
开放世界
科幻
氛围
大战略
单人
沉浸式",《X4：基石》是一个巨大的太空沙盒模拟器，在你的游戏系统中生存和呼吸。数以千计的战舰和站点进行贸易、采矿和生产，所有这些都是真实化模拟。在这个宇宙中，你可以从驾驶战斗机的孤独飞行员，成长到管理一个庞大的帝国，指挥你的舰队和设计巨大的空间站。从第一人称的行动中登船并参观他们的战舰，到广阔的战略和管理模拟的无缝过渡。以你自己的节奏选择你自己的道路。决定权在你手中。贸易-战斗-建设-思考。,2018 年 11 月 30 日,Egosoft,42.0,特别好评,189,83.0,多半好评,15955,77.0,
https://store.steampowered.com/app/2073850/,2073850,THE FINALS,"多人
射击
免费开玩
第一人称射击
破坏
玩家对战
第一人称
团队导向
动作
角色自定义
战术
资本主义
职业导向
战斗
拟真
选择取向
刷宝
枪械改装
制作
大逃杀",立即加入在以全世界著名城市为背景的虚拟竞技场，展开激烈战斗的竞技秀《THE FINALS》！ 在这款第一人称射击游戏里，可破坏且变化多端的战场上与队友并肩作战，利用独有的战斗风格登上巅峰吧！,2023 年 12 月 7 日,Embark Studios,144.0,多半好评,12063,77.0,多半好评,154536,75.0,
https://store.steampowered.com/app/1144200/,1144200,Ready or Not,"战术
拟真
第一人称射击
射击
多人
合作
单人
第一人称
恐怖
动作
暴力
枪械改装
战斗
犯罪
现代
血腥
氛围
美国
合作战役
抢先体验",洛斯苏埃诺斯市——LSPD报告称，泛洛斯苏埃诺斯地区的暴力犯罪事件急剧增加。警局已派遣SWAT小队应对包括人质危机、炸弹威胁、嫌犯固守在内的各类高危情形。建议广大市民非必要不外出。,2023 年 12 月 13 日,VOID Interactive,159.0,特别好评,4112,89.0,特别好评,133066,88.0,
https://store.steampowered.com/app/1329410/,1329410,雀魂麻將(MahjongSoul),"心理恐怖
类魂系列
恐怖
惊悚
色情内容
生存恐怖
免费开玩
裸露
困难
桌上游戏
第一人称射击
玩家对战
多人
成人
休闲
动漫
麻将
可爱
恋爱模拟
策略",随时随地，轻松麻将！ 精美和风立直麻将游戏——《雀魂麻将》国际中文服Steam版现已正式上线！,2020 年 7 月 14 日,Catfood Studio,0.0,多半差评,2254,31.0,褒贬不一,56253,52.0,
https://store.steampowered.com/app/233860/,233860,Kenshi,"开放世界
沙盒
角色扮演
生存
策略
建造
基地建设
单人
后末日
制作
城市营造
独立
模拟
冒险
管理
即时战略
忍者
角色自定义
架空历史
蒸汽朋克",一款以自由行动小分队为基础的角色扮演RPG类游戏。专注于开放式的沙盒游戏功能而非线性故事。选择成为商人、小偷、反叛者、军阀、冒险者、农民、奴隶或是食人族的牙祭。探索新设备，锻造新装备。,2018 年 12 月 6 日,Lo-Fi Games,21.0,特别好评,1207,92.0,好评如潮,69015,95.0,
https://store.steampowered.com/app/2273430/,2273430,苍翼：混沌效应,"动作类 Rogue
动作冒险
平台游戏
类银河战士恶魔城
2D
动作
像素图形
重玩价值
轻度 Rogue
程序生成
独立
清版动作
赛博朋克
后末日
剧情丰富
多结局
类 Rogue
2D 格斗
动漫
Rogue 恶魔城",超华丽动作战斗，极致畅爽连招！ 超多角色、超百种招式！这款独树一帜的动作Rogue游戏将带给你酣畅淋漓的超预期体验。,2024 年 2 月 14 日,91Act,76.0,好评如潮,3577,96.0,特别好评,15412,93.0,
https://store.steampowered.com/app/960090/,960090,Bloons TD 6,"塔防
策略
多人
单人
在线合作
合作
阖家
休闲
3D
卡通风格
沙盒
好评原声音轨
困难
欢乐
可爱
生存
动作
独立
2D
冒险",精彩纷呈的塔防游戏,2018 年 12 月 17 日,Ninja Kiwi,22.0,好评如潮,3618,95.0,好评如潮,265800,97.0,
https://store.steampowered.com/app/1364780/,1364780,Street Fighter 6,"2D 格斗
格斗
角色自定义
动作
街机
多人
冒险
竞技
玩家对战
开放世界
电竞
单人
动作角色扮演
本地多人
控制器
3D
好评原声音轨
沙盒
3D 格斗
武术",系列最新作《Street Fighter 6》将于2023年6月2日发售！ 本作以RE ENGINE开发，并由系列前所未有的大型模式“环球游历”、“斗技战场”以及“格斗中心”构成。新的“Street Fighter”和前所未有的全新体验正在等待着你的到来。,2023 年 6 月 1 日,"CAPCOM Co., Ltd.",594.0,特别好评,1002,84.0,特别好评,23201,86.0,
https://store.steampowered.com/app/2161700/,2161700,女神异闻录３ Reload,"日系角色扮演
角色扮演
团队角色扮演
动漫
冒险
策略
回合战略
恋爱模拟
策略角色扮演
视觉小说
黑暗
情感
剧情丰富
彩色
回合制战斗
悬疑
灵异
推理
多结局
劫掠",《女神异闻录３》整装换新，登陆现行最新游戏平台！,2024 年 2 月 1 日,ATLUS,139.0,特别好评,2406,88.0,好评如潮,13366,95.0,
https://store.steampowered.com/app/1248130/,1248130,Farming Simulator 22,"模拟
农场模拟
合作
农业
可模组化
多人
管理
沙盒
3D
第一人称
经济
在线合作
沉浸式模拟
开放世界
阖家
角色自定义
自然
马匹
第三人称
美国",创建您的农场，种出美好时光！收获作物、照料动物、管理生产，直面季节性的挑战。,2021 年 11 月 21 日,Giants Software,0.0,特别好评,1573,93.0,特别好评,49532,92.0,
https://store.steampowered.com/app/1874880/,1874880,Arma Reforger,"动作
模拟
射击
策略
军事
第一人称射击
拟真
沙盒
第一人称
即时战术
战术
第三人称
战争
开放世界
多人
玩家对战环境
玩家对战
冷战
80 年代
可模组化",体验逼真写实的冷战时代，并与好友们一起在面积达 51 平方公里的大西洋中部岛屿上浴血拼杀；或者还可以扮演 Game Master，并打造自己专属的战役场景供其他人游玩。,2023 年 11 月 16 日,Bohemia Interactive,40.0,多半好评,559,77.0,褒贬不一,9995,65.0,
https://store.steampowered.com/app/284160/,284160,BeamNG.drive,"模拟
驾驶
拟真
破坏
物理
汽车模拟
开放世界
沙盒
竞速
可模组化
多人
单人
抢先体验
第一人称
第三人称
探索
欢乐
冒险
动作
飞行",一款搭载软体物理系统的动态车辆模拟游戏，能够让任何事情成为可能。,2015 年 5 月 29 日,BeamNG,80.0,好评如潮,5635,96.0,好评如潮,219243,97.0,
https://store.steampowered.com/app/648800/,648800,Raft,"生存
多人
开放世界生存制作
合作
制作
开放世界
建造
基地建设
在线合作
冒险
沙盒
第一人称
单人
抢先体验
水底
模拟
动作
独立
策略
大型多人在线","Raft™ throws you and your friends into an epic oceanic adventure! Alone or together, players battle to survive a perilous voyage across a vast sea! Gather debris, scavenge reefs and build your own floating home, but be wary of the man-eating sharks!",2022 年 6 月 20 日,Redbeet Interactive,68.0,特别好评,3187,90.0,特别好评,260267,93.0,
https://store.steampowered.com/app/108600/,108600,Project Zomboid,"生存
僵尸
开放世界
开放世界生存制作
多人
沙盒
后末日
合作
制作
独立
建造
模拟
角色扮演
生存恐怖
拟真
等角视角
单人
2D
冒险
抢先体验","Project Zomboid is the ultimate in zombie survival. Alone or in MP: you loot, build, craft, fight, farm and fish in a struggle to survive. A hardcore RPG skillset, a vast map, massively customisable sandbox and a cute tutorial raccoon await the unwary. So how will you die? All it takes is a bite..",2013 年 11 月 8 日,The Indie Stone,198.0,特别好评,5887,94.0,特别好评,218183,94.0,
https://store.steampowered.com/app/1371580/,1371580,帝国神话,"建造
开放世界生存制作
沙盒
开放世界
战争
生存
大型多人在线角色扮演
基地建设
角色自定义
动作冒险
角色扮演
砍杀
策略
多人
第三人称
历史
3D
动作
团队导向
大型多人在线",《帝国神话》是一款以高自由度玩法为核心的冷兵器战争沙盒网游。玩家将置身于一个多文明世界，体验生存、建设、经营和创造的丰富玩法，另外在宏大的PVE或PVP世界中，玩家可充分施展战略领导才能，引领部族攻城掠地，最终铸就独属于自己的帝国！,2024 年 2 月 21 日,Angela Game,118.0,褒贬不一,1752,60.0,多半好评,11233,71.0,
https://store.steampowered.com/app/835570/,835570,战意,"玩家对战
中世纪
大型多人在线
动作
策略
大型多人在线角色扮演
沙盒
角色自定义
架空历史
免费开玩
战争
战争游戏
角色扮演
开放世界
剑术
即时战略
战术
第三人称
团队导向
动作角色扮演",来《战意》实现你的将军梦！和全世界的玩家一起，鏖战15v15史诗攻城大战，和盟友在大世界攻城掠地，您的兵团已经整装待发，静听号令！,2020 年 4 月 5 日,Booming Tech,940.0,褒贬不一,237,64.0,褒贬不一,29798,69.0,
https://store.steampowered.com/app/513710/,513710,人渣,"生存
开放世界生存制作
多人
开放世界
僵尸
裸露
大型多人在线
动作
拟真
冒险
抢先体验
制作
单人
第一人称射击
暴力
玩家对战
血腥
第三人称
独立
角色扮演",穿越残酷的环境，掠夺、制作，躲避无穷无尽的生命威胁。史无前例的角色定制细节和发展水平是您求得生存的终极工具。,2018 年 8 月 29 日,Gamepires,15.0,褒贬不一,780,68.0,多半好评,81216,74.0,
https://store.steampowered.com/app/1142710/,1142710,Total War: WARHAMMER III,"策略
回合战略
大战略
即时战略
奇幻
即时战术
黑暗奇幻
战争
动作
战术
氛围
矮人
游戏工坊
多人
彩色
玩家对战
合作
单人
剧情丰富
在线合作",《Total War: WARHAMMER》三部曲的终末已经到来。集结你的军力，踏入混沌魔域！在这个变幻莫测的恐怖维度中，世界的命运将尘埃落定。于是你会诛灭那些恶魔…还是转而驾驭他们呢？,2022 年 2 月 16 日,CREATIVE ASSEMBLY,0.0,多半好评,948,78.0,褒贬不一,68595,62.0,
https://store.steampowered.com/app/552990/,552990,World of Warships,"海战
免费开玩
海军
二战
大型多人在线
动作
多人
战术
玩家对战
历史
军事
在线合作
团队导向
拟真
射击
模拟
玩家对战环境
第三人称射击
战争
合作",投身惊心动魄的海战，在超过600艘来自20世纪上半叶的战舰中组建您的舰队——从隐蔽的驱逐舰到巨型战列舰。变换您的战舰外观并选择适合您游戏风格的升级品，与其他玩家在战斗中并肩作战！,2017 年 11 月 15 日,Wargaming Group Limited,0.0,特别好评,1030,81.0,多半好评,137843,77.0,
https://store.steampowered.com/app/949230/,949230,Cities: Skylines II,"模拟
城市营造
建造
单人
沙盒
管理
经济
策略
拟真
可模组化
放松
资源管理
休闲
交通运输
氛围
多人
抢先体验
开放世界
好评原声音轨
模组",通过有史以来最逼真的城市建造游戏，从头开始建设一座城市，并将其转变为繁荣的大都市。以前所未有的庞大规模进行建造，您的创意和问题解决能力都将面临全新层次的考验。利用深度模拟与生动运转的经济系统，您将能毫不设限地打造自己的世界。,2023 年 10 月 24 日,Colossal Order Ltd.,80.0,多半差评,2519,28.0,褒贬不一,37126,54.0,
https://store.steampowered.com/app/2349820/,2349820,英勇之地,"生存
开放世界
免费开玩
玩家对战
大型多人在线角色扮演
多人在线战术竞技
探索
2D 平台
电脑角色扮演
战术角色扮演
轻度 Rogue
动作角色扮演
动作冒险
角色扮演
钓鱼
俯视
可爱
动作
风格化
建造",《英勇之地》是一款结合了肉鸽元素的多人对抗PVPVE游戏，活下去是第一要义，一旦死亡可能损失惨重！勇士们在怪物横行的地图猎取武器和装备，越危险的地方奖励越丰厚。身怀宝藏行走四方的你，还需要提防其他虎视眈眈的玩家。在战斗中不断变强吧，看谁能活到最后！,2023 年 5 月 17 日,钢之直男工作室,0.0,多半好评,3659,72.0,褒贬不一,35483,57.0,
https://store.steampowered.com/app/270880/,270880,American Truck Simulator,"汽车模拟
驾驶
开放世界
交通运输
模拟
美国
拟真
可模组化
放松
探索
经济
管理
氛围
沉浸式模拟
多人
单人
冒险
休闲
阖家
关卡编辑",驾驶传奇的美国卡车，在阳光明媚的加利福尼亚州、布满沙子的内华达州，以及被称为“大峡谷之州”的亚利桑那州各地运送各种货物。美洲卡车模拟带你来一场穿越各州震撼景致与著名地标的旅程。,2016 年 2 月 2 日,SCS Software,988.0,好评如潮,1576,97.0,好评如潮,120535,97.0,
https://store.steampowered.com/app/2321470/,2321470,深岩银河：幸存者,"矮人
动作类 Rogue
弹幕射击
俯视射击
轻度 Rogue
玩家对战环境
竞技场射击
程序生成
动作
街机
俯视
科幻
太空
竞分
外星人
氛围
单人
战斗
抢先体验
黑暗",《深岩银河：幸存者》是一款类幸存者游戏。利用深岩银河集团的各式武器，抵御成群的致命虫群，挖掘财宝，解锁强力升级。以一矮人之力，对抗整个霍克斯星球！,2024 年 2 月 14 日,Funday Games,64.0,特别好评,4646,86.0,特别好评,19846,85.0,
https://store.steampowered.com/app/105600/,105600,Terraria,"开放世界生存制作
沙盒
生存
2D
多人
冒险
像素图形
制作
建造
探索
合作
开放世界
在线合作
独立
动作
角色扮演
单人
重玩价值
平台游戏
氛围",挖掘，战斗，探索，建造！在这个动感十足的冒险游戏里没有什么是不可能的。四人包依然可用！,2011 年 5 月 16 日,Re-Logic,44.0,好评如潮,10791,96.0,好评如潮,1012143,97.0,
https://store.steampowered.com/app/289070/,289070,Sid Meier’s Civilization® VI,"策略
回合战略
多人
历史
单人
大战略
回合制
4X
战争
模拟
城市营造
战术
建造
管理
好评原声音轨
可模组化
在线合作
合作
六角格棋盘
氛围",《文明VI》是屡获殊荣的《文明》系列的最新作品。扩张疆域，发展文化，并与历史上最伟大的领袖正面交锋。你的文明是否能经得起时间的考验？,2016 年 10 月 20 日,Firaxis Games,812.0,特别好评,2870,90.0,特别好评,220735,86.0,
https://store.steampowered.com/app/281990/,281990,Stellaris,"太空
大战略
策略
科幻
4X
探索
沙盒
模拟
多人
单人
即时含暂停
可模组化
外交
管理
未来
军事
重玩价值
程序生成
好评原声音轨
氛围",在这款由Paradox Development Studio精心打造的科幻大型战略游戏中，探索充满奇迹的浩瀚银河。与千奇百怪的外星种族互动、发现奇异新世界并体验其中令人意想不到的事件，同时扩大您帝国的影响力。每一场新的冒险皆拥有几乎无穷无尽的可能性。,2016 年 5 月 9 日,Paradox Development Studio,0.0,多半好评,1020,71.0,特别好评,114363,88.0,
https://store.steampowered.com/app/427520/,427520,Factorio,"自动化
基地建设
资源管理
沙盒
制作
策略
多人
生存
管理
开放世界
建造
合作
2D
可模组化
单人
火车
模拟
像素图形
城市营造
独立",「异星工厂」Factorio 是一款2D生产建设模拟游戏，在这里你需要设计并建设出不同的自动生产流水线，不断生产出愈加复杂的工业品。尽情开动你的想象力，将传送带、机械臂、组装机等简单的设备精密结合，创造出属于你自己的自动化流水生产建筑群。同时别忘了在异星虫子的威胁下保护好你的工业帝国。,2020 年 8 月 14 日,Wube Software LTD.,28.0,好评如潮,1243,97.0,好评如潮,143897,97.0,
https://store.steampowered.com/app/1943950/,1943950,Escape the Backrooms,"恐怖
多人
在线合作
心理恐怖
合作
生存恐怖
第一人称
探索
冒险
虚拟现实
动作
独立
密室逃脱
抢先体验
3D
单人
动作冒险
休闲
潜行
迷宫探索",Escape the Backrooms 是一款1-4人合作的恐怖探索游戏。 穿越阴森恐怖的密室关卡，同时避开实体和其他危险，试图逃脱。 免费的内容更新，包括新的关卡和游戏模式，使社区得到回报。,2022 年 8 月 11 日,Fancy Games,37.0,特别好评,3314,92.0,特别好评,54352,91.0,
https://store.steampowered.com/app/291550/,291550,Brawlhalla,"免费开玩
多人
格斗
2D 格斗
休闲
2D 平台
本地多人
合作
控制器
动作
平台游戏
奇幻
在线合作
本地合作
阖家
4 人本地
卡通风格
电竞
单人
独立","An epic platform fighter for up to 8 players online or local. Try casual free-for-alls, ranked matches, or invite friends to a private room. And it's free! Play cross-platform with millions of players on PlayStation, Xbox, Nintendo Switch, iOS, Android & Steam! Frequent updates. Over fifty Legends.",2017 年 10 月 17 日,Blue Mammoth Games,764.0,多半好评,3681,73.0,特别好评,359806,82.0,
https://store.steampowered.com/app/958260/,958260,DEAD OR ALIVE Xtreme Venus Vacation,"色情内容
成人
动漫色情
免费开玩
工作场所不宜
女性主角
第一人称
3D
动漫
动作
可爱
恋爱模拟
体育
单人
休闲
开放世界
角色自定义
多人
角色扮演
模拟",光荣特库摩的『DEAD OR ALIVE Xtreme Venus Vacation』让玩家扮演「维纳斯群岛」的岛主，协助『DEAD OR ALIVE』系列的女孩们在美丽与强劲的祭典—「维纳斯挑战赛」中获胜，并与女孩们共谱美好回忆。,2019 年 3 月 25 日,"KOEI TECMO GAMES CO., LTD.",0.0,特别好评,265,89.0,特别好评,26477,82.0,
https://store.steampowered.com/app/346110/,346110,ARK: Survival Evolved,"开放世界生存制作
生存
多人
开放世界
恐龙
制作
建造
冒险
基地建设
合作
动作
第一人称
沙盒
大型多人在线
单人
抢先体验
角色扮演
龙
科幻
独立",由虚幻4引擎打造的一款多人在线生存竞技网游，在一个超高自由度的开放世界里，可以体验采集、制造、打猎、收获、建造、研究以及驯服恐龙等超多自由内容，感受酷热白昼、冰冷夜晚的动态天气系统以及饥饿口渴等现实中的生存挑战，还要面对其它生存者的威胁，合作生存还是竞技厮杀，由你决定！,2017 年 8 月 27 日,Studio Wildcard,378.0,特别好评,2891,90.0,特别好评,515154,83.0,
https://store.steampowered.com/app/1268590/,1268590,Millennia,"策略
4X
回合战略
大战略
架空历史
模拟
回合制
历史
战争
经济
外交
单人
战术
重玩价值
军事
政治性
管理
六角格棋盘
回合制战斗
多人",在《Millennia》中打造独属于你自己的国家吧。这是一款历史题材的回合制4X游戏，你将在横跨万年的历史中挑战自己的战略才能，以人类的黎明为始，一路走向无尽的未来。,2024 年 3 月 26 日,C Prompt Games,298.0,褒贬不一,1552,66.0,褒贬不一,1552,66.0,
https://store.steampowered.com/app/850190/,850190,Goat Simulator 3,"探索
物理
沙盒
角色自定义
模拟
动作冒险
3D
休闲
开放世界
卡通风格
冒险
喜剧
彩色
阖家
合作
本地合作
多人
在线合作
单人
本地多人",Pilgor重出江湖 召集伙伴一起进入《Goat Simulator 3》的世界，在极具真实感的农场沙盒场景中体验一场全新冒险（至少在Steam上是这样）。你最多可邀请三位好友进行本地游戏或线上合作，既可组队厮杀，也能在小游戏中拼个你死我活，当然，恐怕从此连朋友都没得做。,2024 年 2 月 15 日,Coffee Stain North,52.0,好评如潮,507,97.0,好评如潮,1598,97.0,
https://store.steampowered.com/app/1850570/,1850570,DEATH STRANDING DIRECTOR'S CUT,"剧情丰富
开放世界
步行模拟
氛围
冒险
探索
好评原声音轨
单人
动作
后末日
电影式
第三人称
科幻
恐怖
动作冒险
放松
多人
战斗
第三人称射击
潜行",知名游戏制作人小岛秀夫为大家带来了一种颠覆传统的体验，现在这种体验在此导演剪辑版的最终版本中加以扩展。玩家将扮演山姆·布里奇斯（Sam Bridges），你的任务就是将这残破的美国中最后的幸存者们联合起来，为人类带来希望。你能一步一步地将这破碎的世界重新连接起来吗？,2022 年 3 月 30 日,KOJIMA PRODUCTIONS,198.0,特别好评,656,90.0,特别好评,19127,93.0,
https://store.steampowered.com/app/2786680/,2786680,美女，请别影响我学习,"恋爱模拟
单人
全动态影像
视觉小说
爱情
第一人称
多结局
色情内容
选择取向
互动小说
剧情丰富
沉浸式模拟
角色扮演
女性主角
情感
自选历险体验
多人
剧情
模拟
放松",阴差阳错之下成为“女子大学唯一男生”的你，即将以第一视角开启一段甜蜜与欢笑交织的校园恋爱之旅！元气少女、温柔甜妹、俏皮洋妞、知性校医、傲娇学姐、酷飒太妹，各类美女的轮番攻势下，你将如何喊出“美女！请别影响我学习！”书写下属于你的女校传说！,2024 年 3 月 28 日,蒸汽满满工作室,36.0,好评如潮,2666,97.0,好评如潮,2666,97.0,
https://store.steampowered.com/app/1260320/,1260320,猛兽派对,"休闲
多人
欢乐
可爱
社交聚会游戏
动作
格斗
玩家对战
合作
社交聚会
阖家
在线合作
物理
3D 格斗
本地多人
4 人本地
独立
团队导向
本地合作
动作冒险",这是一款基于物理的多人派对游戏。选择你喜欢的小动物角色，和朋友们一起挑战其他玩家，或者展开激烈的对决吧！看到毛绒绒的小动物们你还不心动吗？,2023 年 9 月 20 日,Recreate Games,49.0,特别好评,1169,87.0,多半好评,33273,76.0,
https://store.steampowered.com/app/1466860/,1466860,Age of Empires IV: Anniversary Edition,"策略
即时战略
基地建设
战争
多人
单人
中世纪
资源管理
城市营造
历史
动作即时战略
玩家对战
玩家对战环境
合作
3D
等角视角
管理
开放世界
在线合作
成人",最受欢迎的即时战略游戏之一将随《帝国时代 IV》荣耀回归，让您置身于塑造现代世界的史诗般历史战役的中心。,2021 年 10 月 28 日,Relic Entertainment,139.0,特别好评,1002,87.0,特别好评,49703,87.0,
https://store.steampowered.com/app/1435790/,1435790,密室逃脱模拟器,"解谜
合作
密室逃脱
多人
第一人称
冒险
控制器
悬疑
休闲
阖家
独立
单人
在线合作
模拟
剧情丰富
指向点击
关卡编辑
调查
探索
3D",密室逃脱模拟器是一款第一人称解谜游戏。你可以单人游玩，或是线上多人合作（最好是2～3人，但是多一些人也无妨）。探索一个接着一个的交互式密室。你可以移动家具、打碎各种瓶子、解开各种锁、把你所能看到的东西全部捡起来仔细查看！也支持社区利用关卡编辑器制作的各种密室。,2021 年 10 月 19 日,Pine Studio,25.0,特别好评,269,91.0,特别好评,12154,94.0,
https://store.steampowered.com/app/1517290/,1517290,战地风云™ 2042,"第一人称射击
射击
军事
多人
战争
动作
第一人称
战斗
团队导向
玩家对战
单人
未来
车辆作战
现代
破坏
物理
电影式
冒险
英雄射击
休闲",在第 7 赛季：转折点中背水一战。《战地风云™ 2042》是一款第一人称射击游戏，标志着该系列最具代表性的全面战争玩法再次回归。,2021 年 11 月 19 日,DICE,276.0,褒贬不一,5684,58.0,褒贬不一,197151,45.0,
https://store.steampowered.com/app/1476970/,1476970,IdleOn - 放置类MMO,"懒人游戏
管理
像素图形
大型多人在线角色扮演
角色扮演
制作
点击游戏
资源管理
沙盒
免费开玩
多人
大型多人在线
独立
休闲
模拟
抢先体验
角色自定义
老式
玩家对战环境
动漫",唯一一款当你离开了之后，你的人物还在继续练级的RPG游戏！用独有的职业和技能树搭配来打造你的角色，花费战利品来获取更强大的力量！击败世界Boss还可解锁新特性 -- IdleOn 越玩越复杂！,2021 年 4 月 2 日,Lavaflame2,0.0,多半好评,364,77.0,多半好评,16215,78.0,
https://store.steampowered.com/app/2427700/,2427700,背包乱斗：福西法的宝藏 Backpack Battles,"抢先体验
自走棋
库存管理
策略
玩家对战
多人
牌组构建式类 Rogue
异步多人
独立
战术
卡牌战斗
战斗
刷宝
回合制
重玩价值
类 Rogue
2D
可爱
手绘
温馨惬意",一款需要背包管理的自走棋游戏！购买稀有装备搭配出强力组合，然后去和其他玩家一较高下！,2024 年 3 月 8 日,PlayWithFurcifer,64.0,特别好评,7013,92.0,特别好评,7013,92.0,
https://store.steampowered.com/app/2287220/,2287220,F1® Manager 2023,"模拟
策略
体育
汽车模拟
沉浸式模拟
时间管理
3D
拟真
管理
驾驶
经济
阖家
竞速
战术
基地建设
选择取向
玩家对战环境
资源管理
团队导向
单人",《F1®车队经理2023》的全新赛季将带您走进Formula 1®那紧张刺激的赛车运动世界。23场比赛、六轮F1®冲刺赛、全新的赛车、包括拉斯维加斯街道赛道在内的全新赛道、全新的车手、全新的挑战……您的成名之旅从这里展开。,2023 年 7 月 31 日,Frontier Developments,60.0,特别好评,190,87.0,多半好评,1692,78.0,
https://store.steampowered.com/app/1726130/,1726130,无径之林,"开放世界
沙盒
制作
生存
模拟
农场模拟
城市营造
建造
基地建设
3D
彩色
可爱
探索
资源管理
独立
抢先体验
角色扮演
冒险
策略
农业",欢迎来到《无径之林》的世界，这是一款高自由度的新国风生存游戏。你将置身于一片广袤的未知大陆，可以耕田、烹饪、制药、建造、享受田园情趣，探索这片土地的未知奥秘，抓住机遇、直面危险。目前游戏支持4人联机模式，与好友共赴无径之林，共建开放世界，开启探险之旅！,2024 年 4 月 2 日,AniYa Games Studio,65.0,特别好评,158,80.0,特别好评,158,80.0,
https://store.steampowered.com/app/261550/,261550,Mount & Blade II: Bannerlord,"中世纪
策略
开放世界
角色扮演
战争
沙盒
多人
单人
动作
角色自定义
模拟
可模组化
冒险
马匹
拟真
第三人称
第一人称
历史
好评原声音轨
抢先体验",一个策略/动作类角色扮演游戏。创建一个角色，投身中世纪战场，从事外交、锻造、贸易和征服新的土地。集结你的军团奔赴战场，在大规模实时战斗中体验深奥但又直观的基于技能的战斗系统，与你忠诚的战士们并肩作战、取得胜利。,2022 年 10 月 25 日,TaleWorlds Entertainment,88.0,特别好评,1823,86.0,特别好评,187905,88.0,
https://store.steampowered.com/app/813780/,813780,Age of Empires II: Definitive Edition,"策略
即时战略
城市营造
多人
基地建设
历史
单人
中世纪
资源管理
经典
战术
即时
合作
重制
等角视角
2D
重玩价值
动作
冒险
好评原声音轨",有史以来最受欢迎的战略游戏之一迎来 20 周年，为此我们推出了《帝国时代 II：决定版》。本作拥有惊人的 4K 超高画质，全面重制的新原声音乐，以及内含 3 个新战役和 4 个新文明的内容：《最后的可汗》。常态更新项目包括活动、添加内容、新游戏模式，以及随近期上线的合作模式所带来的增强功能！,2019 年 11 月 14 日,Forgotten Empires,474.0,特别好评,1587,93.0,特别好评,124985,94.0,
https://store.steampowered.com/app/1210320/,1210320,药剂工艺：炼金模拟器,"制作
单人
放松
模拟
中世纪
管理
独立
2D
角色扮演
生活模拟
沙盒
手绘
休闲
资源管理
农场模拟
选择取向
指向点击
贸易
历史
资本主义",在《药剂工艺：炼金模拟器》中，你将扮演一个炼金术士，并使用各种工具和原料来调制药剂。你将掌控药剂商店的方方面面：发明新配方、吸引顾客、并尽情地做实验。不过请记住：整个小镇都指望着你。,2022 年 12 月 13 日,niceplay games,123.0,特别好评,302,84.0,特别好评,24866,92.0,
https://store.steampowered.com/app/1407200/,1407200,World of Tanks,"坦克
免费开玩
动作
军事
玩家对战
车辆作战
多人
团队导向
战术
大型多人在线
战争
历史
二战
模拟
合作
拟真
射击
第三人称
第三人称射击
玩家对战环境",加入免费畅玩的团队射击游戏，拥有不断更新的历史战车库、令人惊叹的游戏画面、壮阔的战场景观和恢弘的交响配乐。在紧张刺激的PvP对战中战胜其他玩家，展示您的精湛技术。领略策略性和动作性并存的独特魅力！,2021 年 4 月 28 日,Wargaming Group Limited,381.0,特别好评,1042,80.0,特别好评,75174,85.0,
https://store.steampowered.com/app/1304930/,1304930,The Outlast Trials,"恐怖
多人
合作
生存恐怖
心理恐怖
第一人称
玩家对战环境
角色自定义
潜行
动作冒险
动作
生存
黑色幽默
架空历史
黑暗
拟真
氛围
科学
冒险
管理","Red Barrels invites you to experience mind-numbing terror, this time with friends. Whether you go through the trials alone or in teams, if you survive long enough and complete the therapy, Murkoff will happily let you leave… but will you be the same?",2024 年 3 月 5 日,Red Barrels,76.0,特别好评,1624,91.0,特别好评,40363,93.0,
https://store.steampowered.com/app/1384160/,1384160,GUILTY GEAR -STRIVE-,"格斗
2D 格斗
好评原声音轨
动漫
玩家对战
2.5D
街机
故事架构丰富 
动作
2D
多人
剧情丰富
3D
本地多人
奇幻
战斗
电影式
剧情
休闲
LGBTQ+",仿佛似手画2D动画的华丽表现，更加以进化升华。彻底的讲究终极的美丽，为您呈现最先端，最新时代映像的格斗游戏！,2021 年 6 月 11 日,Arc System Works,0.0,特别好评,965,94.0,特别好评,33638,91.0,
https://store.steampowered.com/app/257510/,257510,塔罗斯的法则,"解谜
哲理
第一人称
科幻
氛围
剧情丰富
单人
好评原声音轨
机器人
冒险
探索
独立
多结局
困难
悬疑
后末日
动作
模拟
科学
人工智能",《塔罗斯的法则》是一款第一人称解谜游戏，它来自打造出《英雄萨姆》系列游戏的CROTEAM，并且由Tom Jubert (FTL《超越光速》，The Swapper《交易者》) 以及Jonas Kyratzes (The Sea Will Claim Everything)联合创作。,2014 年 12 月 11 日,Croteam,15.0,特别好评,216,93.0,好评如潮,26039,95.0,
https://store.steampowered.com/app/1123770/,1123770,Curse of the Dead Gods,"动作类 Rogue
等角视角
黑暗奇幻
困难
动作
轻度 Rogue
格斗
类 Rogue
类魂系列
迷宫探索
冒险
单人
独立
探索
即时
好评原声音轨
3D
卡通风格
奇幻
恐怖",你探求数不胜数的财富、追寻永生、追求神力——所有的一切都指向了这座被诅咒的神庙。这个似乎无穷无尽的深渊迷宫，充斥着致命的陷阱和怪兽。,2021 年 2 月 23 日,Passtech Games,34.0,特别好评,55,85.0,特别好评,6523,85.0,
https://store.steampowered.com/app/767560/,767560,War Robots,"免费开玩
机器人
多人
动作
射击
机甲
第一人称射击
玩家对战
控制器
大型多人在线
战争
第一人称
第三人称射击
第三人称
合作
策略
单人
虚拟现实
角色扮演
大型多人在线角色扮演",《War Robots》是在线三人 6v6 Pvp 射击游戏，在其中有数十种战斗机器人，数百种武器组合，以及白热 化的派系战斗。,2018 年 4 月 5 日,MY.GAMES HOLDINGS LTD,0.0,褒贬不一,392,61.0,褒贬不一,21668,61.0,
https://store.steampowered.com/app/1634860/,1634860,小飞船大冒险 Minishoot' Adventures,"探索
双摇杆射击
类银河战士恶魔城
弹幕射击
角色扮演
冒险
俯视
休闲
可爱
2D
非线性
彩色
极简主义
俯视射击
开放世界
射击
动作
复古
清版射击
奇幻",飞进手工打造的迷人世界，开始一场开放式探索和爽快双摇杆射击动作的冒险。从光亮的地上世界一路杀到最幽深的洞穴，改良你的飞船，击败地下城中的首领，救出自己的朋友！,2024 年 4 月 2 日,SoulGame Studio,126.0,特别好评,405,95.0,特别好评,405,95.0,
https://store.steampowered.com/app/2357570/,2357570,《守望先锋® 2》,"英雄射击
免费开玩
第一人称射击
多人
团队导向
玩家对战
第一人称
射击
黑色幽默
动作
竞技
合作
玩家对战环境
反乌托邦
电影式
科幻
故事架构丰富 
休闲
多人在线战术竞技
阖家",《守望先锋》“归来”是一款广受好评的团队射击游戏，舞台设定在光明的未来，有着不断进化的英雄阵容。现在就与好友组队畅玩吧！,2023 年 8 月 10 日,"Blizzard Entertainment, Inc.",359.0,多半差评,8254,36.0,差评如潮,254422,17.0,
https://store.steampowered.com/app/255710/,255710,Cities: Skylines,"城市营造
模拟
建造
管理
策略
沙盒
单人
可模组化
经济
资源管理
模组
拟真
重玩价值
休闲
现代
即时含暂停
阖家
好评原声音轨
欢乐
动作",《城市：天际线》是对经典城市模拟类游戏的现代演绎。该游戏引入了全新的游戏玩法元素，让玩家切身体会到创造和维持一座真正城市的兴奋和艰辛，同时扩展了城市建设体验中的一些经久不衰的主题。,2015 年 3 月 10 日,Colossal Order Ltd.,0.0,特别好评,1156,91.0,特别好评,188391,93.0,
https://store.steampowered.com/app/322330/,322330,饥荒联机版,"生存
开放世界生存制作
多人
合作
开放世界
冒险
制作
在线合作
沙盒
困难
独立
2D
氛围
欢乐
生存恐怖
策略
恐怖
单人
动作
类 Rogue",在绝不妥协的荒野生存游戏《饥荒》的多人联机版中一起战斗、耕种、建设和探索吧。,2016 年 4 月 21 日,Klei Entertainment,651.0,特别好评,3108,94.0,好评如潮,304203,95.0,
